author,komentar,like_count,published_at
@zillsburyy1,brutal zomie attack movie,0,2026-05-25T17:47:56Z
@SaraiHaywood-q3r,"Writing of this quality is rare. Every single character was so fully realized and relatable. Even the monster. She was dying without healthcare. But the best part is that it nodded to The Shining. A little boy fighting evil, except all alone as Danny had Wendy to protect him.",2,2026-05-25T15:32:12Z
@askariyaw,Crazy that the trailer has timestamps.,0,2026-05-21T13:42:26Z
@angelusvastator1297,Amazing trailer,2,2026-05-20T08:14:10Z
@TmAlchemist,This is how you make a Trailer.,3,2026-05-17T20:49:15Z
@Marzyart,"The plot is somehow good, but the director still managed to make the movie boring.<br>Many scenes are just a radio! Where you hear something but the screen is completely black. Organization of scenes is messed up, and I bet they thought it was genius to start mid of the story, then jump back to the begining, then to end. The ending is where the full plot reveals, and it is cringe and childish.",0,2026-05-16T09:52:57Z
@RooftopRunSpagonia,"they took &quot;if the teacher isn&#39;t here in 15 minutes, we can legally leave&quot; to a whole new level.",0,2026-05-16T07:04:33Z
@Jessie-w5p,what a trip,0,2026-05-16T01:37:15Z
@drmohsin11,as soon as i saw new line cinema i knew this flim was gonna be PEAK cuz new line cinema cooks with films like TMNT 1 2 and 3,0,2026-05-14T18:55:20Z
@davidgray6777,I would watch anything with Josh Brolin in it.,1,2026-05-13T14:00:15Z
@raulcarneiro7857,Quem ta aqui no dia das maes tambem? Feliz dia das maes,0,2026-05-10T04:31:38Z
@RandomHandle2415,"This movie was amazing 👏,fun to watch the Last sense of all Kids was brutal and gore to watch.But the screen play from different pov of characters does not feel bore to watch.<br><br><br><br><br><br><br><br><br><br><br><br><br><br><br><br><br><br><br><br><br><br>(9-5-26=3/5/26,12:30pm).",0,2026-05-09T18:13:10Z
@ryanstauffer119,"Now that a prequel of Gladys is in development, I wonder if they trailer for it will be similar to this with what they did with the letters in the title. It reminds me of what the ALIEN franchise does.",0,2026-05-08T13:56:09Z
@gwh3013,I took a half day from work to and watch this last August when I wasn&#39;t feeling well. It was such a joyful experience. I knew next to nothing from seeing the trailer and got to watch the movie unfold in front of me. Perfect.,0,2026-05-07T18:43:09Z
@Madartista1999,"<a href=""https://www.youtube.com/watch?v=OpThntO9ixc&amp;t=58"">0:58</a> - <a href=""https://www.youtube.com/watch?v=OpThntO9ixc&amp;t=60"">1:00</a> The part where one of the moms said &quot;where are our children?&quot; makes me think of Gladys turning her head on Alex while the kids are running at her house. I wish they would add that in a alternate trailer.",0,2026-05-07T17:51:14Z
@kanxhan5294,"so the kids get lost from their home, ,but parents are screaming at school where are my kids... hollywood  movies are not worth time nowadays, someone explain me the plot",0,2026-05-07T12:17:09Z
@kaustubhanand-u2p,wasted potential,0,2026-05-05T19:51:41Z
@BoKWaa,waw,0,2026-05-03T19:51:32Z
@sleepingmonsters,This is like Stephen King horror type of movie which is great.,2,2026-05-03T05:59:16Z
@shatlewslee3349,Is this movie any good?,2,2026-05-01T16:02:57Z
@thebangauskirama,Who&#39;s here because of RESIDENT EVIL???,3,2026-05-01T00:48:49Z
@KenMac-ui2vb,Fantastic movie.,1,2026-04-29T02:53:39Z
@MoB-v4k,"As far as I’m concerned, Jordan Peele had no right to use the Alcoholics Anonymous symbol in his flick. And he makes a poor example of somebody in recovery by doing so.",0,2026-04-28T18:53:20Z
@eanarchygle,Just saw this on HBO. Good stuff🎉,0,2026-04-27T03:28:19Z
@erickd4694,"Eso no sirve!! 😂 es un clavo😂, that isn&#39;t worth it.... and I swallowed it entirely 2hrs😢😂",1,2026-04-26T15:02:27Z
@teksaucee,"Man i have 30 min left to watch i can&#39;t wait to go back home and finish it , really love this movie so far 👌👌",0,2026-04-20T11:17:38Z
@MsAppassionata,"Thematically, this reminds me of an old film “Picnic At Hanging Rock” by Peter Weir (director of “Witness”, “Dead Poet’s Society”, and other great films).",0,2026-04-20T04:20:56Z
@Dr.Zaggi_Tenma,"NOT COOL MAN, THEY STRAIGHT AWAY TOOK THE IDEA FROM A REGIONAL INDIAN MOVIE CALLED- VASH AND VASH 2.0, didn&#39;t even acknowledge it, so freaking disgusting.",0,2026-04-19T14:17:49Z
@SilverMenace100,I just finished watching it and I was blown away!  One of the best mystery thrillers I&#39;ve seen in a long time.,0,2026-04-19T00:27:04Z
@candyqueen6045,"Seriously I don&#39;t know the director of this movie but this is the strange and freak movie I have ever seen, this is not a rope horror like evil magic, and in the end this film doesn&#39;t make sense and there is a picture of weapons On top of the house is don&#39;t make sense",0,2026-04-18T19:57:33Z
@shady2390,Wow what a fantastic film (a rarity these days!),0,2026-04-17T20:52:16Z
@paul77kk,is that based or inspired from the movie village of the demmed??,0,2026-04-15T02:17:21Z
@carlmorris1959,This Film is F...... Crazy!!!,0,2026-04-14T04:11:10Z
@carlospatterson4675,who&#39;s keen for the gladys prequel 😁😁😁😁,0,2026-04-13T08:36:11Z
@danieldalton6544,"Spoiler Alert: my review. Ok, I just watched it. I was going  WTH throughout. I don’t quite get it. VERY vague and confusing. Too metaphorical and subconscious to the point of triviality. Quite bizarre. The director wrote it after his friend died and each character was a symbol of the 5 stages of grief? But, it withholds key pieces of information. Weapons meaning children are being weaponized by social media? Bad parenting? It was so slow and weird but not knowing why, the rules, the meaning, the point was frustrating as I sat there watching things happen without explanation. Nothing was scary, just weird. None of the characters were likable except maybe the principal and his partner or Alex’s parents before Gladys’ arrival. Why did just one vomit black bile while attacking? How did the kids know to go after Gladys? How’d they have superhuman strength and get not even a scratch jumping through windows and doors? Some plot holes for sure. Why the weird makeup? She looked like a clown which doesn’t exactly help her blend in. I had zero sympathy for Matthew the bully and wanted to punch him in the face. I hoped HE never talked again. This is a lot like Get Out where you don’t know how things are happening (a spoon tapping a tea cup is magic how?) because they don’t explain anything. That approach is supposed to be suspenseful? You’re just watching bizarre, strange things happen and that somehow translates to something profound, scary, or even good? Seemed like a mess to me. A prequel could  go a long way in making this make more sense. Would not recommend or watch again. Sorry, but it just didn’t do it for me just like Get Out. Felt the same about Barbarian so, this is not a writer/director for me. I see why Jordan Peele was so upset he fired his manager because he lost the bidding war because this is right up his alley. 2025, with this and Sinners, the year of the very ambiguous thriller. It can be more scary to not know who the evil person is, or where they’re coming from or what they’re about if it’s grounded in reality but, when you introduce supernatural elements you have to explain something or suspension of disbelief gets strained to the breaking point.",0,2026-04-13T05:04:09Z
@sikezxbaka,Good idea and concept but boring execution tbh could have done much better or crazy twist at end,0,2026-04-12T14:51:15Z
@lperry7289,"Freakin’ best movie on Prime I’ve seen so far , scary good , finally From scary , watch it  please.",1,2026-04-12T11:14:58Z
@Nomadty-d6f,"I just finished watching this movie with my wife..<br>Wife: “thats it, our kids getting home schooled”",0,2026-04-12T06:08:48Z
@walktheline6731,This movie is a slow burn thriller.<br>I will say I was almost ready to skip because it seemed to have a lot of selling points but they weren&#39;t strategically placed in the &quot;mall&quot;<br>Then the owner of the &quot;mall&quot; showed up &amp; the sakes skyrocketed! Aunt Gladys brought this movie into financial success!<br>😮😫😵‍💫😵😳😲🤩🤩🤩🤩,1,2026-04-12T02:36:33Z
@foxpaper8543,"The curly-haired woman is a total failure because she can&#39;t act~~!!<br>The story, the woman&#39;s vibe, and her acting just don&#39;t match~~!!",2,2026-04-11T18:03:16Z
@vaworldnia1356,Lain love,0,2026-04-11T04:49:34Z
@Ricoconut,<b>Justin Timberlake at his finest teaching career.</b>,0,2026-04-11T04:40:21Z
@findlennyprime,"I thoroughly enjoyed this movie. It is up there with Talk to Me, Hereditary, and a few others in the genre that have impressed me over the last few years. Well done!",0,2026-04-10T02:30:31Z
@matthewbowman3815,Anyone came here from Lee Cronins the Mummy?,1,2026-04-09T22:45:41Z
@DimitriosChannel,"Great movie, it was creepy scary and a little funny. I rarely get locked into a movie but this one did. 9/10",2,2026-04-07T00:58:35Z
@Kai_sahhh,movies shouldn&#39;t be allowed to say it&#39;s a true story if it isn&#39;t. thats just trashy.,0,2026-04-04T04:38:59Z
@RowellCenera,That witch came from the Philippines. Exact in Capis,0,2026-04-03T03:59:03Z
@ShyamSakhi-e1i,"Just watched it Today one of the best decision by me but the kids in the climax became step father of terrifier for the dear aunt Gladys, really great job kids",0,2026-04-01T14:46:02Z
@methodicalty084,If the lady from Field of Dreams won an Oscar for this then Nicholas Cage should have won two Oscars for Longlegs.,0,2026-04-01T08:13:24Z
@RGholston,"I just watched this movie, it was totally different from what I thought it was, but worth watching.😊",0,2026-03-29T23:34:24Z
@alexstudio7506,Oscar winner Weapons,7,2026-03-29T12:54:02Z
@MarcoAltobello,"World War Z, the Zombie Apocalypse whatever you want to call it it’s coming soon, sooner than most people think or realize. The COVID19 vaccinated are ticking time bombs and many are already committing murders under the influence of the demonic AI.<br><br>You can see it happening in the vaccinated now, how they’re changing and becoming something other than themselves. Once they’re activated they will be mindless zombies! Here is a short video showing you how they’re foreshadowing this in the movie.",0,2026-03-29T06:09:30Z
@chikchikboomm,Just watched the movie <br>I think its a little bit horror and more of a comedy movies,0,2026-03-27T16:27:34Z
@diamondring89,"I watched Weapons couple of days ago and I was overwhelmed. I hate modern movies but this one was spot one,it was brutally scary,superbly acted, magnificiently written and directed. The only thing i didn&#39;t like Is the lighting,and saturation because it&#39;s so important for the texture,and dramatic effect,but I guess golden age of technicolor Is gone. It&#39;s also the future of camp culture,Aunt Gladis Has become contemporary camp icon.",1,2026-03-26T02:32:00Z
@carnifex.productions,"just watched it. the fact that this movie is filmed with different perspectives from all the characters really deepens the story. also, the ending scene had me almost choking up. nonetheless, I think it&#39;s one heck of a movie.",0,2026-03-25T13:28:27Z
@hamzahayat45670,"watched this entire video with zero unskippable ads, blockify is the best extension i&#39;ve added this year",0,2026-03-22T12:12:41Z
@ariesunicorn8225,"Late to the party, but one of the best films I’ve watched in a while 👌",3,2026-03-21T18:01:38Z
@Supermike6,Can&#39;t believe this is from the guy who was apart of WKYK,0,2026-03-21T02:00:56Z
@fashionfashionista9839,"Anyone else noticing Hollywood is taking our joyful neighbor hoods, homes, old memories and making them dark and haunting or is it just me. Can we not have joy anymore",0,2026-03-21T00:55:34Z
@daronneal7447,The fact that kids who wake up in late at night to go outside is so unethically creepy.😣 Perhaps the town’s children will never stood a chance against the nightmare.😟,1,2026-03-20T22:05:57Z
@Anthony-v1u3u,Best movie ever 👌,0,2026-03-20T16:14:58Z
@carlosperezencinia2670,So a young elementary school teacher can afford to live in a house in the suburbs by herself in 2025? That’s fiction alright,0,2026-03-20T11:11:39Z
@daiwalters,THAT is how to do a good trailer.,0,2026-03-20T09:58:34Z
@jimmybelc2057,Best movie I have seen in long time loved it and didn’t want it to end,0,2026-03-19T22:21:25Z
@williambloomhuff3389,More sick violent shite out of Hollywood.,0,2026-03-19T16:10:47Z
@Mcadillac,"OMG, I watched One battle after another, Sinners, Frankenstein, but none of them came any closer to Weapons, I don&#39;t think this movie was well advertised, only when the movies awards started everywhere that was when I saw aunt Gladys, but still I thought it was a Mafia movie due to the tittle, after the Oscar I watched and oh boy so freaking scared and funny at the same time, it should won the Oscar😀best supporting actress for Amy was well deserved,  great acctress and nice to see her back again, my favorite 2 movies with Amy was Street of fires and Uncle Buck ❤",0,2026-03-19T13:10:16Z
@TarunZade,The ending to this is so good ngl,0,2026-03-19T12:46:25Z
@jasmineGrowsSucculents,"Slow burn, folks. <br>But TRUST THE PROCESS 😬😮🫨",1,2026-03-19T02:14:06Z
@jasmineGrowsSucculents,Da fuqqqqqqqqqqqqqqqqqqqq!<br><br>Just finished watching it. 🫨🫨 wow! Slow burn but WOW!!,1,2026-03-19T02:11:31Z
@fdub187,Kinda of a spoiler alert: 🚨 This movie was just weird. It didn’t address why that old bat did that to the kids😳,0,2026-03-17T20:11:13Z
@EitecTV,This was better then &quot;One Battle After Another&quot;,8,2026-03-17T12:44:54Z
@Aaron_Hs84,Amy won Oscars for actress in a supporting role . Congratulations,6,2026-03-17T06:07:31Z
@AndyNassab-e3j,"Crazy to think the horror genre won half of the Oscar acting awards from seperate films, in 2015 that was probably unthinkable.",3,2026-03-16T18:45:03Z
@SantiagoTadeo-t9o,WHOS HERE FOR AMY MADIGAN!!!!,58,2026-03-16T16:24:00Z
@JamesEvans97,Betty Davis with Lupus brought me here.,0,2026-03-16T15:44:33Z
@tessj4486,Nope.  can&#39;t watch,0,2026-03-16T10:07:21Z
@JeffreyGayda,Mardigan- Best Supporting Actress🎉🎉🎉,16,2026-03-16T04:38:56Z
@SuperGorniak,Oscar,6,2026-03-15T23:30:01Z
@iniatanmenjadisetan,Congratulations...,4,2026-03-15T23:25:42Z
@justinriley,Now an Oscar winning film.,319,2026-03-15T23:24:27Z
@chimericalical,"Wow. A whole gallon. 4pm?!  It’s 5pm now, so that was recently.",0,2026-03-15T18:07:31Z
@sugarpoisson1,horror moovies for oscars?..you can&#39;t have enough of horror?disgusting...,1,2026-03-15T16:40:14Z
@1c1yeah,absolute cinema,0,2026-03-15T11:45:45Z
@mattpearse2707,"Ahhhh!! Can’t wait to watch this. Heard good things about it. If Zack joins Jordan in his sublime direction, we could be in for a good period of amazing cinematography.<br><br>(If the world doesn’t end of course 😢…)",0,2026-03-13T14:54:12Z
@NargisAkter-f4x,It&#39;s not that much thrilling the way it&#39;s trailer shows....,1,2026-03-13T02:25:28Z
@chriscorley6478,Academy Award... 🏆🤙,4,2026-03-11T13:57:07Z
@ozgurinsan,Weren&#39;t there any cameras around Alex&#39;s house?,0,2026-03-10T08:15:55Z
@aspersiondetergent5673,Wow Zach,0,2026-03-09T19:53:31Z
@erikpuckett7485,"I’ve always been a fan of horror, but when the guy who had a major part in creating my favorite sketch comedy troop writes and directs it,  I’m all in.",0,2026-03-09T16:41:30Z
@AzizbekShodiyorov-c7x,🔥🔥🔥🔥👍👍👍👍👍☠️☠️☠️☠️😱😱😱,1,2026-03-08T12:09:31Z
@BrettGarnettFilms,Never watched a movie with so many unlikeable characters. Interesting story and good acting but there isnt one character I actually grew to like in thia movie. Painful,0,2026-03-07T23:14:48Z
@kzilla3,This proved that great orginal movies can still be made... not crappy remakes of old classics. 10/10,1,2026-03-07T15:08:20Z
@veskotrayanov,Masterpiece,1,2026-03-05T13:53:39Z
@KendraRose-w2k,sdgfasdfasdfasdfasdfasdfasdf,0,2026-03-05T08:07:53Z
@49ersFan415,This is the R rated version of Hocus Pocus. I enjoyed it.,0,2026-03-05T06:15:31Z
@thiagodarocha3296,Good and old Children of the corn creepy vibes,0,2026-03-04T13:16:34Z
@jovanreyes7671,Scary movie brought me here,3,2026-03-03T04:45:02Z
@EitecTV,Not bad,0,2026-03-02T23:55:47Z
@imtired41012,why do they run like that 😭😭😭😭😭😭,0,2026-02-27T23:31:30Z
@GanironMercando,asdgafsdfasdfasdfasdfasdfasd,0,2026-02-26T16:01:04Z
@ElSalvadorian-101,OMG JACKSON MILLER / SEBASTIAN SLAYTON IS MY FRIEND!,0,2026-02-24T20:39:50Z
@StudnickiMaatta,dtfhfgsdfgsdfgsdfgsdfgsdfgsdfgs,0,2026-02-24T15:52:38Z
@ThruthleyHohenbrink,vinlunkczdtt743tzr,0,2026-02-24T15:14:08Z
@HendrenBelli,sefgsgasdfasdfsdgfdgsdfgsdfgsdfgsdfgsd,0,2026-02-24T11:40:02Z
@sejed3,"I love Zach&#39;s films. Recently watching Barbarian made me want to check out Weapons, and I was not disappointed! Looking forward to see his future projects.",0,2026-02-23T18:17:35Z
@Morsonjade,Who&#39;s here after the hazing incident,6,2026-02-23T01:49:30Z
@KinneyRipa,dfgsdfgasdfasdfsdfasdfasdf,0,2026-02-22T03:05:18Z
@EglerHilaire,asdfafdasfasdfewfasDASFada,0,2026-02-21T20:34:37Z
@SkYadav-h6k,I already get a new movie 😢😢😢,0,2026-02-20T21:34:50Z
@doejohn7548,Good ahh movie,0,2026-02-19T18:59:08Z
@777biscuits,not a true story😂😂 you could just say that now???,0,2026-02-19T17:39:40Z
@LosaOlivarra,Love it!,0,2026-02-19T14:01:00Z
@Trippyori,"Wow what a masterpiece, the only horror movie i enjoyed in a long time. Zach Cregger is really saving the horror genre. 10/10",8,2026-02-16T03:52:51Z
@richwalker4407,"Whoever&#39;s reading this comment, you better believe that this is one of the best movies I&#39;ve seen in years. They better do another one 💯💯💯💯💯💯",2,2026-02-13T06:50:53Z
@NaperMakot-n3m,\sdf\sfasdfasdf,0,2026-02-11T19:55:25Z
@masindog,No A24?,0,2026-02-11T18:43:45Z
@silentjackbox6554,4 MCU actors in 1 movie 🔥,0,2026-02-09T15:26:04Z
@cynthiamauck5918,"Oh, not my kind of film to watch.",0,2026-02-08T23:11:41Z
@NicholasBird-tv4sq,The best horror film I&#39;ve ever seen.,2,2026-02-08T21:24:48Z
@NeueTechnologien099,xcgsdfdszxcvxvzx,0,2026-02-08T19:23:31Z
@rotdominique5555,Français,0,2026-02-07T18:44:22Z
@alastortheradiodemon1074,Vlad tv pmo here,0,2026-02-06T03:12:29Z
@AlexsandraCarcarmodaSilv-bf8rm,PERogL,0,2026-02-05T22:03:18Z
@AlexsandraCarcarmodaSilv-bf8rm,😅eskfid,0,2026-02-05T22:02:15Z
@ertuihg,Boycoott childs movies*,0,2026-02-05T10:10:39Z
@EvelerSpiegle,asdfasfasdfas,0,2026-02-05T07:41:06Z
@neroknight1234,The scene where she slept in her car and that lady come running out from her door towards her scared me so bad I had to pause the video for like a couple minutes to brace myself 😂,6,2026-02-04T15:33:34Z
@GalinaSegreto,zdfsdfgasdffasdfas,0,2026-02-04T14:21:12Z
@JebbOliveras,sfdzxfcazxczx,0,2026-02-04T13:31:46Z
@PinkAzaleaBlossoms,➡️WITCHCRAFT THROUGH ROOTS. The children are in the basement of Alex&#39;s house. They are demon possessed and eventually become killers.,1,2026-02-02T19:19:12Z
@3leggedProst,6.5/10,1,2026-02-02T00:09:39Z
@anidamurray6283,Where can I watch this movie,0,2026-02-01T14:44:19Z
@bretthicksomega,"Only after watching, do I realize this trailer is FULL of spoilers. Such a great film",3,2026-01-29T20:07:28Z
@GA-yv3zw,lol my lights flickered at the end of the trailer and I almost pissed myself 😂. So I will be skipping this film lol,3,2026-01-28T09:57:10Z
@franktower9006,"Excellent movie! From the story, over the outstanding cast,  to the all around creepy atmosphere and tension. If you haven&#39;t seen it - avoid all spoilers and go watch it!",3,2026-01-27T21:24:50Z
@kwnna_kalii,Bro as soon as I saw that it was from the same director as the barbarian I was SOLD❤,4,2026-01-27T10:00:21Z
@zolo5376,Genuinely good horror movie ! Solid screenplay! It could have become underwhelming if not for the amazing performances of the cast.,1,2026-01-27T08:03:33Z
@yeslehc,I watched this last night... such a great movie! One of my favourites for sure!,3,2026-01-25T15:45:46Z
@traveltvfever,Excellent movie ❤,4,2026-01-25T12:16:30Z
@Breakout-q4x,Masterpiece  🎬,3,2026-01-24T19:45:18Z
@SHEKHAR...BISWAS,Oh my god what a movie no spoiler watch it just watch,4,2026-01-21T07:06:20Z
@empresscarrot5417,Went back here to say this movie is amazing. Scared me. Made me think. Loved it.,66,2026-01-20T11:38:08Z
@Priceyjoy,This was watchable and I was horrified by the notion of some kind of evil “siren” luring the children…then things got kinda silly…was this a spoof? <br>(Back to horrifying again when they tore up the witch and the fact that they were never quite the same again was VERY creepy.),2,2026-01-15T16:23:42Z
@OliverSeidel-u1x,Hi,1,2026-01-15T10:52:58Z
@chongarcia977,This Trailer took me to the movie theater..Hadn&#39;t been in many years..I think the last movie was &quot;iron claw&quot;Im so glad i went because i enjoyed every minute of it..Best movie i saw in 2025,4,2026-01-15T02:02:55Z
@djbethell,Great movie.,7,2026-01-14T06:32:08Z
@pgrothschild,Only just watched this on board my flight to Thailand.. brilliant movie!  Can&#39;t wait to watch it again.,1,2026-01-14T04:07:30Z
@AMFLIX-v5w,Woooow,1,2026-01-13T09:30:08Z
@sharon18334,great movie weapons and true story and kids missing from one classroom.  The ending will blow your mind what happened to kids?,2,2026-01-12T17:16:18Z
@tarungoyal4619,Amazing must watch i haven&#39;t seen this type of movie in my life time amazing shocking,2,2026-01-12T12:57:07Z
@ryanmag1777,Barbarian and Weapons are fine horror films but WTF with the titles of this movies?,0,2026-01-12T12:50:41Z
@danieltomlinson4621,this movie is just like the south park episode where all the kids are stuck on the bus,0,2026-01-12T08:14:16Z
@priyanshu9010,definitely kept me glued to screen at best 8/10.,0,2026-01-10T15:57:56Z
@theutterrealist,One of the best movies of 2025,0,2026-01-09T08:10:06Z
@EndrisZanes,dfsafdsfdsa,0,2026-01-07T13:37:13Z
@bazbuncher6948,Great Film...... now watch Bring her Back.,0,2026-01-06T23:08:39Z
@LuciloIrupang,"I scored this movie 11 out of 10, superb",1,2026-01-06T18:41:48Z
@bigmurph762,I&#39;d be suspicious of the teacher to. No way a single young teacher can afford a house like she lives in.,1,2026-01-06T02:00:49Z
@FollowerofJesusChrist2011,This looks like an actually scary movie. I got to watch this!,1,2026-01-05T02:44:08Z
@harryshuman9637,This is the weirdest and longest WKUK sketch yet.,1,2026-01-04T23:04:44Z
@kingkylexo,where is aunt gladys ??? 😢,0,2026-01-04T12:43:02Z
@ariful386,Goo,0,2026-01-03T09:54:03Z
@ptrekboxbreaks5198,Just watched movie today. I&#39;m not a big movie watcher but sheeesh this movie was so good!,1,2026-01-03T01:15:22Z
@MrTAggarwal,Did anybody else had a great laugh because of James character? 😂,1,2026-01-02T10:23:44Z
@Loonaticlu,Someone tell whoever shot the new anaconda trailer to come see this😭,0,2026-01-01T16:12:28Z
@Loonaticlu,"When I saw that it&#39;s the same director of Barbarian, I rushed to go wuach this. Absolutely fantastic film",0,2026-01-01T16:11:36Z
@mohxsin,😮,0,2025-12-31T22:11:44Z
@roblanger5546,"Good film, id like to say how impressive Amy Madigans performance is - great casting",0,2025-12-30T15:01:13Z
@Ilhavesleepyeyesssssss-g8y,All my kids are dressed white,0,2025-12-30T12:42:32Z
@AXMofficials,Thanks for sharing,0,2025-12-29T07:19:49Z
@nayemMmm,Movie name pls,0,2025-12-29T07:03:37Z
@TobiasKuhlmann-h3m,Hi,0,2025-12-28T16:35:35Z
@danieltodd9038,You don&#39;t know what&#39;s going on in the movie until about 45 mins in anyway.    I saw this movie last night.  Very good.  Never watched the trailer.  Don&#39;t watch trailers anymore since they usually show you the whole stoey of the movie these days...  I don&#39;t think this trailer gives too much away.,0,2025-12-27T21:22:01Z
@LosiT8O,Zajebisty film,0,2025-12-27T21:06:49Z
@SamuelRothwell-j7q,Hi,0,2025-12-26T08:01:35Z
@donquixote3032,He only goes to foster care?!? He knew what was going on the whole time! 😡,0,2025-12-25T18:07:41Z
@sagor-s2p,Bangladeshi flag 🇧🇩🇧🇩,0,2025-12-25T16:35:59Z
@ARIGARZA-q7x,Sea monsters AND humans love story in animated movies,0,2025-12-24T19:07:05Z
@ARIGARZA-q7x,Creating monsters AND humans love story in animated movies,0,2025-12-24T19:06:23Z
@ARIGARZA-q7x,Created gore 2d 3d adult animated movies,0,2025-12-24T19:06:03Z
@josema122,No cctv ?,0,2025-12-24T18:12:55Z
@kimberlybahrs5176,Watching,0,2025-12-24T01:08:43Z
@miaxgabventures1285,Just watched this today. My god absolutely 10/10. The jumpscare the development aunt gladys and the climax. Just absolutely fantastic,0,2025-12-23T13:11:05Z
@sweetandsavoury,They did a really good job in the lead up to Weapons being released in theatres of not showing any Aunt Gladys at all in the trailers......makes such a difference when going blind into such a bonkers movie like Weapons or another recent movie where they did the same thing was Longlegs...good job marketing team,1,2025-12-23T11:29:28Z
@AutomanicJack,"just watched it. ok movie, but overhyped, its not THAT good.",4,2025-12-22T23:07:28Z
@nygiant89,Great movie. This and predator badlands.🔥🔥🔥,0,2025-12-20T12:18:52Z
@socialkingmastery,honestly 10/10 horror movie. I loved the story,0,2025-12-17T21:47:25Z
@DennisWinship-r8d,I like this movie. Dennis winship Lynn Massachusetts,0,2025-12-17T12:45:08Z
@EatingKimchi,This movie is so good.. should win Best picture 2026! It is time for horror movies to win 🏆,0,2025-12-17T04:06:30Z
@TvojeRame,Best movie i ever watched!!!!! Besttt oneee defenetly recommned,0,2025-12-16T20:20:02Z
@Deathjoker_,"At first i thought its kinda stupid, the children were lost at home, why blame the teacher. After watching, slowly it gets better, i like how it brings different character perspective into one story.",0,2025-12-15T22:19:09Z
@Itachi--Uchiha--4ever,"seeing that witch get torn apart by the kids at the end was so satisfying , great movie",0,2025-12-14T20:47:23Z
@sega62s,best movie that i enjoy for a longgggg time,0,2025-12-14T01:45:40Z
@naveennelakurthi8028,Is it just hypnosisi,0,2025-12-13T08:04:27Z
@christyrich1969,I’m an hour and 30 minutes in. Loving this movie,1,2025-12-11T15:15:17Z
@thielees,"Great movie, clever and minimal",0,2025-12-09T04:59:22Z
@David-xc4we,"Easily the Zootopia of horror movies<br>In Zootopia, animals goes missing and they becomes savage<br>In Weapons, children goes missing and they becomes savage",0,2025-12-09T01:38:43Z
@aya_winchster,I dropped it cuz it&#39;s kinda boring should i give it a try again?,1,2025-12-08T04:24:02Z
@Tbaginatorr,Wowwww just wowwww. I came to the movie without knowing the plot or anything about it . WTH lol,0,2025-12-07T17:03:02Z
@biscuit2362,true story btw,1,2025-12-07T00:06:12Z
@DanoffRoad,I got recommended this by a friend of mine and I was pleasantly suprised by what a brilliant film it was. Best horror film I&#39;ve seen in a while 👍👍,0,2025-12-06T02:54:11Z
@EndahWahyu-e6i,Goshh,1,2025-12-05T06:43:48Z
@Anthonyc301,One of the best movies I’ve seen in years,2,2025-12-05T03:34:14Z
@andrewyoungchesapeakeartis501,Excellent movie,0,2025-12-02T06:16:02Z
@Muhhmdbilal,The best trailer i ever watched🔥,1,2025-12-01T14:42:30Z
@Superman77ad,Stranger things ordered from Temu,0,2025-11-28T16:09:54Z
@CeceliaMills-vw1ee,Hi,0,2025-11-27T08:38:42Z
@MforMovesets,"Its kinda funny how this trailer shows everything and nothing, but you only get it after the movie.",1,2025-11-26T19:58:43Z
@PriyanArora-s1o,😂copy of indian movie shaitaan😅😅,0,2025-11-25T03:18:13Z
@SophieWalker-i5f,Hi,0,2025-11-24T12:57:34Z
@gwts1171,Is that teacher played by Justin Timberlake circa 1998?,0,2025-11-24T02:40:29Z
@donniechappelle5530,I just watched this last night and WOW !! <br>Slow at first but this is my favorite horror movie in a while.,3,2025-11-24T00:52:43Z
@Mr.Whiskeyy,"just saw the movie, its insanely good! 9/10",2,2025-11-23T20:42:42Z
@EmilyWilson-u3r,Hi,0,2025-11-23T18:24:18Z
@jod-q6r,هل يؤجد هنا شخص عربي😢,1,2025-11-23T13:18:51Z
@CJLOVE23,"I just got done watching this awesome movie, and all I will say is… the ceiling jump scare was hands down the greatest jump scare I’ve ever seen in a horror film!! I’m going to have nightmares for years to come from that one 😂",1,2025-11-22T10:56:04Z
@donagh1954,GREAT MOVIE. DIFFERENT.,1,2025-11-22T01:11:05Z
@AdAstraWorkshop-uu8lu,Apparently no one locks the doors at night in America....,1,2025-11-21T18:08:17Z
@SumitKumar-f9k9j,Just watched this movie!<br>The movie is based on black magic specifically on hypnosis.<br>&quot;Shaitaan&quot; a bollywood movie released in 2024 is way more scary and interesting movie based on same  concept.<br>I can definitely say that weapons is a good adaptation of Shaitaan.,0,2025-11-21T16:51:17Z
@DCMA247,how&#39;d I miss this one!,0,2025-11-21T00:33:01Z
@arjumandsalfi274,"Just watched the movie ,,, damn that is something",0,2025-11-20T18:52:14Z
@RARA64HUNNID,look like some <b>m. night shyamalan</b> sh_t,0,2025-11-20T10:05:26Z
@ZechsMerquise73,"Once upon a time, the working class got<br>Norma Rae,<br>The Deer Hunter,<br>Rocky,<br>Night of the Living Dead,<br>Taxi Driver.<br><br>Now they get a painting-the-door-wrong subplot. It&#39;s not particularly bad, especially it gets better in the later half. But it&#39;s consumed by vapid marketing and pokes at the most on-the-nose features of modern controversy.",0,2025-11-19T01:41:01Z
@Attilathepun,I hear in the director&#39;s cut all the characters are a lot happier and their mouths are open. Much closer to Zach Creggers original vision for the story.,0,2025-11-18T22:35:43Z
@JacobDean88,This is one of the best misleading trailers ever made. We&#39;ll done!! The plot isn&#39;t even in the trailer <br><br>This movie is brilliant!!,2,2025-11-18T18:05:43Z
@chaosordeal294,"I have little kids running around my neighborhood.  It&#39;s not scary.  And, while we&#39;re at it, clowns -- not scary.",1,2025-11-18T08:16:01Z
@chris-fo4vh,Weapons (2025)<br>Good movie But kinda scary <br>Not that much scary but overall liked it 8/10,0,2025-11-17T19:52:09Z
@MaxHowe-r7l,i liked it,0,2025-11-15T04:37:27Z
@activatebpm,"The very moment the child narrator began, I immediately thought of the Intro track of Liquid Swords by GZA.",1,2025-11-15T04:16:47Z
@IBeTheEB,Kathy Griffin is Gladys  .. prove me wrong.,0,2025-11-14T23:27:46Z
@numb-e9n,"I just saw this movie today and im very very nickpick on movies specialy nowadays where all of them truly f sucks,but i have to admit,this one got me interested from start to finish.I loved the perspective change from a specific character path to the event.I actualy recomend this movie,probably the best movie nowadays considering the trash that has coming out for years now.Truly a very pleasant surprise,thanks!",1,2025-11-14T22:50:03Z
@MadMan731,"One of the best movies of the year, Gladys haunts me forever",1,2025-11-14T18:21:56Z
@quasar4472,house of dynamite  should take notes on this movie- bc they have a similar &quot;perspective&quot; set up except Weapons did a better job.,0,2025-11-14T16:44:11Z
@dougdoug9223,Was glued to the screen from beginning to the end. Hardly a dull moment. But the hype made me expect something completely different and this wasn&#39;t it.,0,2025-11-14T14:30:18Z
@miken8876,I can’t believe sack cregger from wkuk directed this!,0,2025-11-13T18:49:46Z
@micah7337,The &quot;WEAPONS&quot;:<br><br><br>Of...<br><br><br>NARUTO!&quot;  All the babies runnin&#39; like Kid Ninja Fam &amp; Them!  😂😂😂😮😮😂😂😂,0,2025-11-12T01:05:12Z
@ralph-k9i,demonic poison...protect your temple,2,2025-11-10T00:23:12Z
@coltonvest819,This looks like a fantastic film! I might watch this here in a little bit! This looks so interesting!,0,2025-11-09T21:48:37Z
@andreafaldon5026,Is it just me or they&#39;re telling the story of what is happening with the kids now. Because they don&#39;t call it tell-a-vision for nothing.,0,2025-11-09T20:06:37Z
@italostarace3910,.R.I.P.,1,2025-11-09T00:35:36Z
@italostarace3910,Annullo ogni effetto,0,2025-11-09T00:35:19Z
@italostarace3910,Annullo ogni maledizione,0,2025-11-09T00:35:06Z
@benbaxter5000,Bonkers film...and I love it!! For quite a while I had 28 years later as the film of the year - not anymore,0,2025-11-08T16:05:04Z
@neildavis3664,"The minutes time on the clock is 17, the same amount of children that go missing!",0,2025-11-08T15:58:05Z
@Howlingburd19,I feel like horror is the only movie genre right now that feels alive and still going strong.,1,2025-11-08T03:16:23Z
@lilwayne00991,Movie was good and creeped me out<br>It wasn’t your typical corny jumpscares,0,2025-11-08T02:20:29Z
@hayesmoana,Archer,0,2025-11-07T21:05:51Z
@hayesmoana,Matthew,0,2025-11-07T21:05:45Z
@LRM5195,My goodness this movie was amazing. Just finished it and was surprised just damn good it was. A breath of fresh air in a genre that consistently bores me to death. Must watch!!,2,2025-11-07T07:57:32Z
@FlashhWebb,"BRUH THIS FKN MOVIE, HAAAAAAAAAA, I DONT EVEN WANT TO PUT IN TO WORDS GO FKN WATCH NOW! OH MY FKN GOHHHHHHH, BRUH THIS AND THE LONG WALK, BRUH THEY MAKN SOME FIRE FKN MOVIES THIS YEAR",1,2025-11-06T09:54:55Z
@abhijithsurendran1765,Best horror thriller I&#39;ve ever seen ❤,2,2025-11-05T12:16:26Z
@theking-2003-M,It was an amazing movie I like it a lot and<br> the thing I love most Filming scenes from different angles,4,2025-11-05T10:15:11Z
@AegirwooZhunLeng,17 children missing in the Horror movie 2025,0,2025-11-05T10:00:32Z
@jamesdyer8193,Who else did the ending have them rolling,0,2025-11-05T00:03:14Z
@yusratariq4831,aby itni horror movie kon dekhy ga ma to phatto hon,0,2025-11-04T15:20:03Z
@albertintestine_u77,"This movie is very dark , I mean really dark ,I thought my screen blacked out",2,2025-11-03T16:54:44Z
@Vinny20008,Movie of the year!  5 stars,0,2025-11-03T15:52:40Z
@Dramamine70,The kind of movie KING could only DREAM of having produced... But never will.,0,2025-11-03T02:07:33Z
@2r3notgoodas1,Is that Justin Timberlake Sister??,1,2025-11-03T00:17:39Z
@Schnoizl,"i don&#39;t think this movies is scary, but the atmosphere was pretty cool and sinister",0,2025-11-02T19:16:42Z
@DhruvBisht-gy8gm,Hooked me until the very last loveddd ittt!!!,1,2025-11-02T15:27:39Z
@jporvi686,8th of August is my daughter&#39;s birthday. Idk how to feel about this movie,0,2025-11-02T02:43:49Z
@forgotten.territory,Everyone going on about the bloody trailer. Whats the dam film like out of 10,2,2025-11-01T20:38:22Z
@smalik4854,Very good movie,0,2025-11-01T19:47:29Z
@ananniadaniel9533,I was about to see it when it come out but i just wanted to watch it in Halloween and wow this is actually so freaking good i just have one thing tho i kinda wish they explained the ending and who is the girl talking too anyways great movie 8/10,0,2025-11-01T08:23:13Z
@Anjanette7786,This movie was SOOO good up until the very end.  That was disappointing. Still worth the watch though. That gosh darn aunt Gladys..,0,2025-11-01T05:43:43Z
@simply-tom,"Wow this movie! What a trip! At first, I didn’t think I would like this movie with the corny name and the slow start. Oh man, it got good and made more sense as you keep watching on. <br><br>It’s a must see…",0,2025-11-01T03:21:35Z
@jillkester3331,That’s my elementary school in real life. Makes the nightmare of having to be there for 7 years not as bad as I thought.  Who would have ever dreamed it would be used in such a freaky film.,0,2025-11-01T02:55:49Z
@Beatzbyther0u,str8 classic,1,2025-11-01T01:58:02Z
@checkm8852,THIS ENTIRE TRAILER SUMS UP THE MOVIE,1,2025-10-31T16:40:15Z
@alexisrivers7460,You can&#39;t even be nice to anyone!! <br>Not even your family 😂,0,2025-10-31T12:40:07Z
@rinabhoelai4302,Very good movie,0,2025-10-30T21:23:55Z
@estelja,Blair Witch moves to the suburbs.,1,2025-10-30T21:05:04Z
@kristeloemar3338,Does anyone know the music in the trailer?,0,2025-10-30T20:39:50Z
@Ruff-n3d,Very original movie! Very well put together!,0,2025-10-30T06:11:41Z
@tonybrown4437,Thrashin!,0,2025-10-30T05:41:22Z
@nika-pz4hu,PLEASE DO NOT WHATCH THIS MOVIE,3,2025-10-29T01:19:53Z
@chariza13,"I LIKE THIS MOVIE, JUST WATCHED IT. THE TRAILER DID NOT GAVE THE MOVIE AWAY LIKE OTHER MOVIES.",3,2025-10-28T04:31:53Z
@bruce92106,"When I saw Ozarks at first I was like where&#39;d this little blonde come from man she&#39;s really got something special? But knowing Hollyweirdland as well as I do I thought here today gone tomorrow. Well, all&#39;s I can say is, whoa, Julia Garner blew us all away on every level, she&#39;s really a 21st century Bette Davis in here own right! And as far as I&#39;m concerned Austin Abrams gave an Oscar worthy performance as James the junkie! Matter of fact everyone in this movie acted their little hearts off! Awesome job well done by all!  👍👌✌️",1,2025-10-28T02:04:19Z
@D0p3of09,This was sooo refreshing as a horror!!! I have not jumped to one in a loooong time and this broke the record!,2,2025-10-27T20:31:08Z
@stephisaDNCR,I saw it yesturday night. GREAT MOVIE. very original. cary and suspensful. I know why this was a huge hit in cinema box office. satisfying ENDING.,0,2025-10-27T18:27:06Z
@jgreen71991,This was a good movie amy Madigan did a excellent  performance man they had her looking like a clown / joker,0,2025-10-27T17:14:23Z
@HurleeSed,Guys im watched movie this is so sad 😢,0,2025-10-27T06:49:23Z
@will0413,I just watched it yesterday.  Very good.  I liked how you saw it from everyone pov.,0,2025-10-27T03:51:50Z
@pranavkumar349,Idk all these positive comments are paid PR ones. I was so hyped for this movie. It’s just an average pointless movie. Not even that scary. <br><br>Spoilers:<br><br>Why that old lady came to this family? Why did she get all the kids? What was the purpose?.,2,2025-10-27T03:45:37Z
@elizabethgatto4046,This was an awful and extremely boring movie. My mom and I just got done watching it and we&#39;re so dumbfounded and disappointed. Don&#39;t waste your time. I saw the trailer awhile ago and thought this would be a really good mysterious thriller. Instead it was dumb and incredibly boring,1,2025-10-27T03:32:03Z
@gerardojg,I just caught it on HBO. It was good. I mostly watched it for Julia Garner. I don&#39;t want to spoil anything. I&#39;m a big fan of &quot;classics&quot; and dismemberment is classic. Well done.,1,2025-10-27T02:02:15Z
@billw.8819,"I started watching this movie yesterday, the story is about missing  children, a terrifying mystery and thrilling intrigue.!!!!!  the plot involving the disappearance of 17 children is fictional, the marketing campaign, which included a fake news website, was designed to make viewers question if it was real. This movie can be rated 7/10.",1,2025-10-27T01:36:37Z
@jrmaddox,"I may have been one of the few, but I actually didn&#39;t like this movie. I hate the jumping around aspect from different perspectives leading to the ending, felt like a series they just mashed into a movie. Also the ending felt like one of those &quot;it&#39;s over 2 hours now so we gotta end it really quick&quot;, leaving more questions than answers. Being a horror lover as well, there was nothing in this movie that even moved me, jump scares were terrible and the acting was subpar. For the length, I felt like I wasted my time watching it.",0,2025-10-26T22:13:19Z
@alphablitz1024,This one of the most enthralling movies I&#39;ve ever seen. You <b>have</b> to see the ending.,0,2025-10-26T20:40:12Z
@IamJohnnyFan,"Man, this movie was freaky",0,2025-10-26T10:37:35Z
@ISEEKSPACE,I just saw this and it freaked me OUT! Great movie!,0,2025-10-26T06:26:34Z
@joecosey1,This  film blew my mind - 🤷‍♀,0,2025-10-26T02:34:11Z
@SAYBOW69,Paul (cop) would not be that concerned with punching dude (Paul i think) if he lied to him about having no needles. Him shutting off camera and all worried and going to the Sargent  made no sense at all. Lol. Almost laughable that part even in there. He wouldn’t have been scared about punching him and he wouldn’t have let him go and Paul wouldn’t be in trouble. Just flat out 2 silly segments of movie.,0,2025-10-26T01:06:17Z
@ALMATURiAH-t6i,Elba E gordiyo,0,2025-10-25T21:00:47Z
@phooongtion,soliddd flick,0,2025-10-25T20:20:18Z
@mikecat6291,"You don&#39;t realize HOW much this trailer actually shows until you&#39;ve watched the movie. <br><br>But the fact the trailer Is this insane, and stuffed to the gills with glimpses of all the craziest scenes, is exactly why you watched the movie in the first place.",0,2025-10-25T19:53:07Z
@tylOr1996,Watched it last night. 3/5,0,2025-10-25T12:41:07Z
@MiriamRivas-m6h,Best horror movie 💯,0,2025-10-25T09:57:53Z
@Estevandejismo,Thanus vs wong vs silver surfer vs young han solo!!! What weapons will be used??!!?? 😱,0,2025-10-25T09:28:33Z
@danamcdonald9010,This move is insaneeee but it’s really good. So crazy.,0,2025-10-25T09:21:08Z
@AnnaKowalska-x8g1i,Hi,0,2025-10-25T08:27:12Z
@grants5781,I&#39;ve heard this is the best horror movie in years. Gonna stream it on Halloween 😁🎃,1,2025-10-24T22:53:57Z
@chetubetchaa,Trailer did a perfect job of not revealing anything perfect blend of suspense and mystery,0,2025-10-24T17:13:46Z
@elizabethb4332,I loved the way they took individual character stories and welded them together.  Clever.,1,2025-10-24T10:19:08Z
@kiesharimoni8940,Why are horrors with kids in them always scarier?,0,2025-10-24T08:36:37Z
@noxious_2.06,WOW that looks unique !!,0,2025-10-24T01:24:47Z
@visualise4k,ngl ts looks kinda boring,0,2025-10-24T00:08:53Z
@WarriorInWaiting,"I was not expecting the ending to be anywhere near that good, it is both incredibly well written, and hilarious (in a very dark way)",0,2025-10-23T21:04:42Z
@moke2305,"zach, we need more WKUK episodes",0,2025-10-21T21:46:18Z
@AnnaMüller-f7k6j,Hi,0,2025-10-21T20:56:44Z
@JESSYJAM_DALLAS,so corny 🤦🏻‍♂️,0,2025-10-21T15:55:04Z
@TimYankee-h7e,william crager always making bangers,0,2025-10-21T01:23:22Z
@TimYankee-h7e,this movie is about as fire as a flame i give a effoc adrian rate our friendgroup,0,2025-10-21T01:22:25Z
@MaryAnne-zp5iv,The part of the sliceing the head off gave me a jumpscare😭😭,0,2025-10-20T23:33:47Z
@ftdannyboy,I&#39;m sold watching now 😂,0,2025-10-20T16:59:46Z
@OmegaChase1002,Wasnt there another trailer made with ai?,0,2025-10-20T15:58:55Z
@jjplays2004,5/5 Zach Cregger always delivers bangers. Good Visuals,0,2025-10-20T14:07:34Z
@Super_Brain-96,"I remember watching it before 2 months and the whole theater were laughing, they should have promoted it as comedian movie not horror 😂😂",0,2025-10-20T00:18:15Z
@Mmm-r2i4q,Yeah so when I stayed alone that night as well the only thing that mattered was sending this message.,0,2025-10-19T00:43:20Z
@LiiDude,"Best horror movie for a very long time, different, catchy, interesting, well played",2,2025-10-18T16:48:20Z
@-kingofsaiyannappa-9057,I see Josh Brolin............SOLD.,0,2025-10-18T16:03:59Z
@MunKeeButt67,"Great film, good story and pace. I don&#39;t like a female Silver Surfer, but am finding a new great lead lady in Julia Garner. I saw her in a New Zealand film about two American girls trying to build a future, and as with Joey King she&#39;s always entertaining. I like that the hero is who it is at the end. This and Long Legs have made me feel a new generation of horror is here. Sinners next 🙃",0,2025-10-17T18:56:19Z
@beSsi,"Just watched it.<br>Go on, what you waiting for?!<br>It&#39;s totally worth it 🪾",0,2025-10-17T18:16:43Z
@sasafras12,"One of the best trailers ever. It got me insanely hyped for the film. I still enjoyed the movie, but my imagination ran a little too wild, and I ended up expecting too much.",1,2025-10-17T00:40:54Z
@МаксФокс-в7с,The movie is cool guys,0,2025-10-16T09:48:50Z
@RS54321,How did anyone know every kids got up at 2:17 am?,0,2025-10-16T01:27:55Z
@jeremyryanorg,"Weapons is a good watch, it was gripping and had you trying to put the pieces together as the story untold. It’s a slow burn type of movie like The Night House, Midsommar, or Hereditary. Recommend.",0,2025-10-16T00:03:33Z
@FABRIZZLE,First time watching the trailer after going into the movie completely blind.  Will certainly be telling several people about how good the movie is and encourage them to go in blind.  Just…. Wow.  CRAZY!,0,2025-10-15T06:25:53Z
@MerkinMuffly,"Not many people know this but Aunt Gladys was kicked out of the house by her husband of many years, Longlegs. I really thought those kids could work things out.",0,2025-10-15T02:44:28Z
@MerkinMuffly,"Must have really sucked for the makers of Weapons to have Longlegs beat them to the big screen since they both began production in 2022. Still, Weapons is a much better made movie.",0,2025-10-15T02:42:17Z
@KishanAluminium,The horror  movie  took  my  life 😢😢😢,0,2025-10-14T18:04:50Z
@flwhitehorn,I don&#39;t think I want to watch this.,0,2025-10-14T16:54:35Z
@lillyem3037,Damn i was thinking about seeing this movie but then realised I&#39;ve already seen the recap,0,2025-10-14T02:03:40Z
@PowerIsWithin,Good movie,0,2025-10-13T01:52:03Z
@johnpetouglu1398,"Movie title is stupid, made me not watch it",1,2025-10-12T23:43:07Z
@yalepaweee9064,"With that running style, weren&#39;t they going to Naruto fan meeting or something? LOL",0,2025-10-12T13:08:49Z
@AlexisLopez-pb8ms,I have no idea what this movie is by the trailer. Just the way I like it😂😂,1,2025-10-12T03:06:46Z
@Ian.Mahi.,"I loved their symbolism.<br>Alex’s performance — and Aunt Gladys, that witch — I’ll never forget them…<br>Zach Cregger did something most directors wouldn’t dare to do:<br>he doesn’t pull fear from the outside — he drags it out from within you.<br>People are always searching for weapons…<br>but they never realize they’re the most dangerous ones themselves.<br><br>And was a punch line in some scenes i love that😂😂😂 btw officer and the addicted guy",2,2025-10-11T22:08:30Z
@lindaatwood5428,Good  movie...gonna  watch it,0,2025-10-11T17:54:49Z
@JonalynCabantoc,l m so scared 😮😮😮😮😮,0,2025-10-11T12:35:36Z
@susanhunter6628,I watched the whole off this movie,0,2025-10-11T09:36:29Z
@susanhunter6628,This is not based on a true story cause at the end there is no way a whole class ripped a old lady alive,1,2025-10-11T09:35:56Z
@huvrmedia,Freaking loved this movie but actually don&#39;t think the trailer was that great..,0,2025-10-11T00:41:01Z
@TragedyFerrero,🔥🔥💯💯,0,2025-10-10T17:45:00Z
@benamorcharef2723,Weapons 2 <br>Alex&#39;s Witchcraft,1,2025-10-10T13:25:31Z
@johnkennethdalida235,silver surfer<br>wong<br>thanos,0,2025-10-10T03:13:39Z
@a.p.e.x3195,This film felt like Longlegs if it was much better,2,2025-10-10T00:23:04Z
@neikra,I liked this tbh❤,1,2025-10-08T14:35:43Z
@JaxonGundry-i6d,I don&#39;t mind how they had the kids running but.. in a T/A pose. Really?,0,2025-10-08T06:04:51Z
@viennlmah,who here from kc (korean comic),1,2025-10-07T23:57:56Z
@AmyLeeAngelLove,The trailer looks so good... makes you want to check behind you.,0,2025-10-07T04:29:48Z
@asankagurusinghe6128,The teacher is called Gandhi and is teaching about India &#39;s  <br>Independence movement. Is it a Midnight&#39; a children reference?,0,2025-10-07T01:30:47Z
@filipinovines,Witch on 2025 😂,0,2025-10-06T01:29:42Z
@marcusmaratre2548,What happens when get out meets stranger things???you get weapons!!!,5,2025-10-05T20:01:48Z
@AM84-n2b,That was soooooo boring to watch. wtf 😳,2,2025-10-05T15:25:19Z
@Luna-13-lol,YO THIS HAPPEND TO A YOUTUBER BUT IT WAS THE GROWN UPS,0,2025-10-05T10:37:05Z
@RAAUUULLLL4268,Thanks for not having any jump scare at the end of the trailer. It&#39;s different.,2,2025-10-04T17:02:57Z
@jessicaterrell3588,BEST MOVIE I HAVE SEEN IN A LONG TIME!!!!,0,2025-10-04T03:11:25Z
@OMGolly101,Guys. It’s definitely not based on a true story 😂😂,0,2025-10-04T03:08:45Z
@johnciccarella9469,That intro is terrifying 😳,0,2025-10-04T00:03:30Z
@kurtfroberg3608,"To every other 50+ year old out there, trust me… We’ve seen WAY better “psychological horror” movies than this tripe. It’s a very slow burn. Admittedly, the endgame is pretty funny, but you have to walk a few miles in order to get to the proverbial punchline.",3,2025-10-03T23:43:44Z
@lostinberlinmusic,This is the most In your face example of MK Ultra that&#39;s ever been in a movie.  Putting it straight in your face. Truth in plain sight,0,2025-10-03T23:18:56Z
@FRFCFactanonverba,Very good movie,1,2025-10-03T22:48:36Z
@ammadhassan-dt8bo,children are more scarier as they dont know whats the consequences of their acts occurs,1,2025-10-03T22:47:02Z
@twinkle2881,Looks good .,0,2025-10-03T00:48:18Z
@HiEliTheBat,wow,0,2025-10-02T09:06:29Z
@pmarreck,I will never understand the appeal of horror movies,1,2025-10-02T02:39:33Z
@steviegarcia0526,I think that&#39;s the same house either in Lovely Bones or Stranger things 😮,0,2025-10-02T01:30:51Z
@xfampge9263,boo,1,2025-10-01T19:25:40Z
@michaelbrindley4363,"That shot at the end of the front door in the dark, it reminds me of the album cover, metal church-the dark. Love it!",1,2025-10-01T15:14:55Z
@donniedollarhidejr.2766,Not just a horror movie but a movie with a deeper message. Some serious stuff between lines.,32,2025-09-30T22:49:28Z
@IrishFinalExit,Surprisingly good horror film.,2,2025-09-29T15:13:38Z
@flavorbaby2535,I just finish watching and I still have a SCREAMING voice left in me. This was epic 👏🏽👏🏽👏🏽🔥,2,2025-09-29T14:55:03Z
@adamkrawczyk2394,Just a great movie at every level. Definitely a must see.,2,2025-09-29T14:28:27Z
@chezchez2005,"Having watched the film and then coming back to see the trailer again, this is exactly how to do it and draw the audience in without giving too much away ; it would have been easy to mess it up and reveal too much in the trailer but so glad they didnt and for those who have seen it you know what i am talking about !",2,2025-09-29T14:13:35Z
@JSk8sSecurityconsultant,Loved this movie.,1,2025-09-29T12:39:49Z
@AdeaDushku-w8h,Using Google Trends ensures content is search-relevant,0,2025-09-29T07:14:33Z
@JoeMartinez-x7b,Finally looks like we are getting good stuff.  Hopefully it&#39;s better then evil dead rise and it,1,2025-09-29T04:14:10Z
@erwinsmith8012,😂😂😂😂 i watched this movie and couldnt concentrate  because that damn teacher looked like Justin Timberlake,2,2025-09-29T04:04:40Z
@bingram5645,Great movie!,2,2025-09-28T22:38:00Z
@eljefe2211,Really liked this movie,3,2025-09-28T13:25:06Z
@snip3troug3,One of the most depressing and psychological horrors since I read Pet Sematary earlier this year.<br><br>One of my favourite horrors in a long time.,1,2025-09-28T08:13:15Z
@DropStopRoll,Watched it at my local theatre. Wild ending but just like Barbarian-it will be polarizing. Some will love it and think it&#39;s brilliant. Others will hate it.,1,2025-09-28T02:00:08Z
@CocoMocha_,Movie was good,1,2025-09-28T01:29:48Z
@dariajagersky3657,"This movie was so unnervingly creepy, really well done film!",2,2025-09-27T23:16:30Z
@DJAltæir,I just watched it. Finally a new good horror/thriller movie. The ending is awesome!,2,2025-09-27T18:39:57Z
@Marcel-h3i,Julia garner is everywhere....,1,2025-09-27T17:58:42Z
@alex754411,Any good?,1,2025-09-27T08:06:20Z
@Freebird6969,Really weird but intriguing movie. Kept me interested anyways. I&#39;ll give it a 7 out of 10 thumbs up,1,2025-09-27T03:59:09Z
@LetsPull10s,This is based on a true story that happened in Cambodia where the students would keep showing up to school in the middle of the night.,0,2025-09-27T01:06:44Z
@K1NG-c7p,🙏🏻,0,2025-09-27T00:06:23Z
@roughchippy,"....imho......<br>WATCH THIS MOVIE......then watch it AGAIN !!!!..... excellent, EXCELLENT film, very clever, almost like three or four film in one that all comes together at the end, brilliant, this is gonna be a classic......<br>AND.....AND !!!..... Josh Brolin.....WOWWW !!!!.... he&#39;s only the son of the actor, James Brolin, who was in one of THE all time best cult horrors...THE CAR.....1977....",0,2025-09-26T19:29:33Z
@pennywise25689,This movie was filmed in my school!,4,2025-09-26T14:33:02Z
@nuruladinda8471,Yo this movie was great!!!!,1,2025-09-26T08:18:11Z
@poorman7526,Fun and funny movie to watch lol.. some scary parts of course... all and all a good movie,1,2025-09-26T03:28:38Z
@HikaruYamamoto,This movie is more entertaining without the trailers because they spoil a bit of the movie.,0,2025-09-26T01:58:55Z
@elsaescobar3557,Dónde se puede ver esta pelicula??? Alguien sabe si está en Netflix??,0,2025-09-26T01:11:35Z
@alexanderornjohannsson8398,Just watched it.. <br>It’s an absolute masterpiece of a film. Go watch it now!,8,2025-09-25T22:49:43Z
@Jettraha,The movie was ok. To me the only good part was when the kids ripped the old woman to pieces,1,2025-09-25T03:14:51Z
@lapush8235,Me n my wife will be watching this weekend,2,2025-09-25T02:44:59Z
@RaySim4tup4ng,"Hahaha...  its showed That the Americans, they&#39;re dont understand about witches and witccraft at all... Black magics are not like Electronic stuffs, when its turn out to other hands, then anyone can control it to strike back the owner... But anyway out of that its good Horor movies.. Very entertaining... 😅",1,2025-09-24T20:48:47Z
@RaquelPolancoRosario,Guys what is this,0,2025-09-24T19:23:16Z
@marcstanley6781,"This could have been an excellent movie had they started it with the old lady showing up at the front door of the School principal&#39;s house after the intro and some short minor beginnings scenes, and then add in some of the beginning boring scenes with the kids running from home as flashback explanations and stuff.",0,2025-09-24T15:59:58Z
@rehgaalkane8518,It looks like a Junior Ito anime but adapted as a movie,0,2025-09-24T15:32:28Z
@shivakamalambati8317,Movie off the year,2,2025-09-24T10:16:16Z
@xolisapuwe1716,This Movie is Something else I never see such a thing like this 😮😮😮,2,2025-09-24T09:18:52Z
@ericasantifer5872,I’m glad I watched the movie without seeing the trailer. Didn’t know what I was walking into. Perfect. Such a good movie.,1,2025-09-24T08:27:41Z
@ps5andstuffmate,This film is crazy. Has two mad jump scares,2,2025-09-23T22:28:03Z
@hmieklix6375,I can&#39;t wait for part 2 to this weapons movie,0,2025-09-23T19:39:30Z
@carolinenjoroge1195,Pure comedy,2,2025-09-23T17:34:24Z
@dashrm677,Bro what a true story?,1,2025-09-23T16:33:02Z
@survivorturnover,sheer savage horror,2,2025-09-23T12:23:29Z
@Unchainedfury,Finally..an original movie out of Hollywood. Worth the watch,7,2025-09-23T10:02:10Z
@dionysus3631,Amazing movie.,6,2025-09-23T09:46:43Z
@Sanjali04,"Can we please stop with the &quot;This is how you make trailers&quot;, &quot;This trailer revealed too much&quot;, and &quot;This trailer gave everything away&quot; comments? It&#39;s so annoying. Trailers should reveal a snapshot of the story. They can&#39;t give everything away because it&#39;s just a trailer. Even then, watching the movie is also about the journey, the emotions and characters and such. Otherwise, you could just stick with the Wikipedia summary, if all you care about is what happens.<br><br>That being said, I&#39;m not complaining about this trailer. I do think this trailer was done well. It wasn&#39;t just a bunch of out of chaotic scenes with no plot details. There was a plot revealed, but we weren&#39;t told why what was happening was happening. I think that works well because the characters don&#39;t know why that&#39;s all happening either. So if we were to watch the movie, we&#39;d get to figure it out along with the characters.",0,2025-09-23T06:33:46Z
@traceydumase,Chef&#39;s kiss!🤌🏾,1,2025-09-23T02:57:56Z
@christhomas6419,This movie was awesome,4,2025-09-23T02:34:32Z
@Moneymongoose115,"OK y’all, saw this in theaters randomly not expecting it to be good. It was goooood. On the level with Hereditary. Layered with some jump scares. Not predictable. Decent for sure.",1,2025-09-23T01:51:44Z
@Travis-z7y5p,Def was a good movie,0,2025-09-23T01:31:03Z
@Nathanxbailey,Loved it,0,2025-09-22T23:41:58Z
@ceydazenginmoda,süper harika bir filim soluksuz izledim hele sonlara dogru harika,0,2025-09-22T22:19:06Z
@NeoMof,I give this 10/10,2,2025-09-22T21:29:00Z
@zigoalemayehu9857,WHAT A MOVIE,1,2025-09-22T20:42:37Z
@elliot019,"This movie is unbelievably good, the storyline, the cinematics, the characters. This movie was excellent.",3,2025-09-22T19:58:31Z
@OmarPerez-cq7zf,Is this Movie still in theaters?? 😮,1,2025-09-22T19:30:45Z
@latenightdaydream,Fear of 2:17 in the morning unlocked.,2,2025-09-22T19:04:57Z
@MrOhNoe,"Such a good movie. They don’t usually make these types of movies anymore. I saw it on the cinema yesterday, and it was great from the start to end. I highly recommend to watch it on the evening. We also got lucky to have funny people in the movie theater. <br>Take this from a guy who usually hate movies they make now days, give this a chance🔥",0,2025-09-22T14:13:11Z
@arianopoien,Just watched it. 8.5/10,1,2025-09-22T08:14:04Z
@matthewlewis4954,"Watched this last night,  5/10 didnt like the sections of each person story line in the movie. A couple of jumpy parts, but also verging on being comedy and far fetched at the end, disappointed",1,2025-09-21T22:59:45Z
@aliumutlu752,Nerde film ?,0,2025-09-21T17:43:03Z
@Mr.Robisoo,Weapons!! 😶‍🌫️,0,2025-09-21T15:04:50Z
@shanebrady6986,Just watched when evil lurks and late night with the devil… Brutal movies I highly suggest both if you like this film. When evil lurks is not in English but you’ll understand it all and wow.. did not think a movie could get that gory 😮 trust me just go watch it and tell me what you think after. I’m still in shock…,1,2025-09-21T13:32:25Z
@raynaldmelosantos3390,Im here for julia garner,1,2025-09-21T12:01:57Z
@blesner,It&#39;s a witch,1,2025-09-21T10:11:20Z
@TheLinguisticsMagazinePH,"Even the trailer is packaged neatly! When I first saw this trailer in the cinema, I knew I would love this. Though I initially thought the poster was bad.",1,2025-09-21T08:14:34Z
@christoferdrewrocks1,Idk why they would think the teacher could lure 17 children out of their homes without any household noticing during the process 😭,1,2025-09-21T05:12:47Z
@Shmew455r,"Warner Bros make 20 more movies like this, and you are worth a damn again.",1,2025-09-21T04:46:16Z
@BeezWorld,"I literally was kept in suspense the entire film... Bravo, but also WTAF 😢 Don&#39;t think I&#39;ve ever felt this scared! Truly terrifying 😳",0,2025-09-21T04:28:33Z
@Di0rderL33,Its a comedy?,2,2025-09-21T01:07:26Z
@KnightTemplar1977,"Not very scary, not that violent, but a fun movie. Recommended.",0,2025-09-21T01:06:55Z
@WhereILayMyHeadIsHome,WTF did I just watch?,1,2025-09-21T00:08:40Z
@samuelecandela4215,One of the best movies i&#39;ve ever seen. A MUST,3,2025-09-20T23:35:32Z
@PrincessDonque-q1u,Princess at Grace horror film trailer of WEAPONS,0,2025-09-20T19:25:34Z
@PrincessDonque-q1u,"From the creators of DELETER and LILIM. Catch &quot;WEAPONS&quot; This September 29, exclusivey cinemas Nationwide.",0,2025-09-20T19:22:15Z
@PrincessDonque-q1u,"Starring Heaven Peralejo, Ms. Ruth Cabal, Madelaine Red, Thalia, Phoemela Baranda, Juan Carlos Galano, Jenna Ortega, Ash Jewel, Giselle Sanchez, Gene Padilla, Phoebe Walker, Ian Red, Ryza Cenon, Hasna Cabral, Shy Carlos, Sarah Lahbati, Selina, Mark Ian Garcia, Gab, Niko and Carmela Lorzano. A film by Nikolas Red.",0,2025-09-20T19:21:22Z
@saaylilkaay3x491,Is that Lani?,0,2025-09-20T18:05:23Z
@MiniMovieMix13,"After a long time finally a good horror watch, simple yet intriguing 😮",2,2025-09-20T17:00:00Z
@EthanW-mf1gv,Amy madigan has always been Cool AF.  Her performance in Weapons is mesmerizing.  Thrilled to have her pop back into our public conscientious.  Well deserved.,10,2025-09-20T15:15:38Z
@Ferhat.57,👎👎👎👎,2,2025-09-20T14:37:11Z
@evanlouis3336,What a great cinematic ride. Horrifying and sad.  Real and ridiculous.  Great looking with some of the finest performances of the year - especially for a &quot;horror &quot; film&quot;.  Amy Madigan vanishes into Aunt Gladys.  Certainly creating a character that haunts you long after the credits roll.  Not your ordinary villian.  All the praise is well deserved. Bravo.,45,2025-09-20T13:48:52Z
@chialee3459,Just came out of the movies. It was pretty good. Its been years i haven&#39;t been to the movies. I decided to go watch this one instead. Not bad,0,2025-09-20T12:55:04Z
@dubsfan261,Finally a movie that’s lived up to the hype.  Bravo,5,2025-09-20T10:50:39Z
@galinaserdarova3867,"Just watched the movie last night. Havent seen such a good horror movie recently. Well done. The story, the suspense, the mystery and the way they reversed some scenes showing first what happened and then why that happened. The only thing i dont understand is the title of the movie. Children were not used as weapons, but more like to keep the witch alive and healthy . And yes, the way spelled people were acting was like they weaponised to kill, but that was not the ESSENCE, so weapons was very UNSUITABLE name for the move. Almost because of it didnt wanted to see the movie at first. Look, &quot;Spelled&quot; or &quot;The wanishing of Class 4 B&quot; is another thing....👍",2,2025-09-20T09:40:37Z
@LYNWOOD.DUKES13,BESST MOVIE OF 2025.!,0,2025-09-20T07:41:06Z
@santaanaluna4563,"When it starts , it feels like a mix of satire and bad acting ( but it’s strategic bad acting!) it has you on the edge of your seat and at the end, it’ll have you talking about it all the way to the car and all the way to the house! and you’ll call your friends and tell them to go see this movie!!",1,2025-09-20T06:13:52Z
@antoniobrown1536,So the kids really did all of this😑like why make this about something so evil and malicious if they didnt actually do all of this or even close...,0,2025-09-20T03:55:04Z
@robertnowak13,Finally saw it. Liked it quite a bit. Very entertaining genre-bending movie. Much funnier than I was expecting. 8/10.,0,2025-09-20T02:31:25Z
@weelil_lily,reddit story type trailer,0,2025-09-20T00:18:32Z
@Gr8_al,Please make a list of 2025 horror movies,0,2025-09-19T21:32:08Z
@NeetzBeats,"I really enjoyed this movie, the suspense and the music to add to that were really good. great cast and really good story",1,2025-09-19T17:36:11Z
@CerebellumPeirra,Watched this movie and it’s amazing.,1,2025-09-19T15:18:03Z
@Jolystrike,Cringe,6,2025-09-19T14:47:27Z
@Drawstuff432,Bro this was a great movie! 🍿,1,2025-09-19T12:09:38Z
@kwazimokava,"Really good movie with a fresh plot...something different too, worth a watch 9/10.",0,2025-09-19T10:34:55Z
@dagoatsiah6924,the leatherface sound is op also,1,2025-09-18T21:43:28Z
@FARHAN-p8b2p,Dubest movie ever seen,5,2025-09-18T20:02:11Z
@isaacbailey3639,I saw this movie on August 27th and it was the best movie ever,0,2025-09-18T15:57:35Z
@MonsterMerchant,Something is Killing the Children Wibes,0,2025-09-18T13:13:12Z
@nicovandermerwe2747,Lost me at the Naruto run lol,2,2025-09-18T10:01:30Z
@Catinhostage,panget,0,2025-09-18T09:59:48Z
@luke887887,why is the kid from liquid swrods narrating the intro?,0,2025-09-18T08:10:15Z
@SmoothFlow-j,That one boy&#39;s aunt is a witch and all the kids kill her in the end,5,2025-09-18T06:34:16Z
@CedricTangHuiYi,I combusted to this 5/5,1,2025-09-18T02:34:57Z
@VeeAmericanEagle,Okay what a great movie! I just finished ittttttt!! 10/10!!,2,2025-09-18T01:37:44Z
@sybellamich1894,"Anybody remember village of the dammed when all the kids went crazy, kind of reminds me of that…..",1,2025-09-18T01:37:03Z
@collegemaster5683,"I love how they had it narrated with a child&#39;s voice, it gives a vibe of a traditional scary story told around a campfire, during a field trip, or even the first day of school.",0,2025-09-17T17:41:04Z
@Baileylawryy,I left this movie half way through cause I was too scared,0,2025-09-17T11:06:48Z
@emilyk5947,"This movie was AMAZING! Finally feel like I saw something and am just floored and was so into it… and I screamed so many times, I even my partner scream from my scream at the last one 😂 but just done so so so well",1,2025-09-17T10:14:14Z
@thedeadman4286,Release in hindi also 🔥♥️,0,2025-09-17T09:32:09Z
@imChocoCaw,"Just watched the movie and still didn&#39;t get why the woman did all the things, like whats the point",2,2025-09-17T03:53:33Z
@GCM-AES256,Just watched this. Great flick!,1,2025-09-17T00:38:18Z
@victorjozek5384,The kids must have had a crazy fun time playing in this movie. Amazing investement by them.,5,2025-09-16T22:50:29Z
@Winterssavage,One of the best movies I’ve ever seen!!! <br>10/10 👏👏👏,1,2025-09-16T22:43:06Z
@janniehansen482,It feels real..,0,2025-09-16T17:16:26Z
@mnemonichotpocket,Cant wait to watch this larer today,2,2025-09-16T15:38:29Z
@unknownbunny-r8q,this show irritates me,0,2025-09-16T14:57:03Z
@zoew6810,Now THATS how you make a  movie. Best I&#39;ve seen in ages. 👏 👏 👏,4,2025-09-16T14:56:29Z
@renlynn4thewin,When I tell u they knew exactly what to do...having children disappear &amp; having a girl narrate makes it even scarier!!!,0,2025-09-16T13:54:12Z
@usmaniqbal836,What does Aunt Gladys do with the children?<br>Can someone give me an e.g. <br>Does she eat them?,2,2025-09-16T13:05:58Z
@VicktorGrimmagard,"The ending, my god, was so satisfying! Tired of the same nonsense where Parents losing kids and vice versa; wicked evil turds winning all the time. Man, if only Bring Her Back had this kinda ending.",4,2025-09-16T12:46:34Z
@JaniceCarter-ws7lu,There&#39;s something creepy in that house😶,2,2025-09-16T10:56:01Z
@voulez-vous-33,love this,0,2025-09-16T09:51:44Z
@TalesByOla1,This is an excellent movie. The story had me hooked to the end 🫡,6,2025-09-15T21:26:18Z
@mardntgrrt2599,"Okay so i wanna see it but i’m scared of horror films, is it scary scary or just like some creepy parts?",1,2025-09-15T21:17:22Z
@JJAACCKKIIEEEEXXTTRREEMMEE,"only showing gladys extremely briefly in this trailer is genius, they really hid her well",0,2025-09-15T19:13:22Z
@dianahohimer1107,The Leftovers on steroids.,0,2025-09-15T18:20:27Z
@vampire3221,Masterpiece 😊,1,2025-09-15T13:54:01Z
@M.M.86,"One Point  ! The Trailer not even closely gives an Impression, on important expactations to this movie . No one that is pushed away by violence on children and Gore is going into this movie because of the Trailer . 60-70% will stay away . Is WB not interested in money any longer ??? This movie has 3-4 Moments of scare and the Others are a brilliant Story, great athmospere ,surprising situations. a great example of good Work. Parents and me had great fun laughted a lot  ! IT walkes the Line of ...no it feels like a new Idea of well working Cinema ❤❤❤❤❤",2,2025-09-15T09:53:20Z
@leonardryan39,Watched it...very good,2,2025-09-15T08:57:13Z
@AmanCreatesArt,"Having seen the film, it&#39;s amazing how good this trailer was while giving away nothing.",2,2025-09-15T05:52:12Z
@de_bon_aire,"It&#39;s an interesting film, but I wish they didn&#39;t reveal the witch. I&#39;d leave everything mysterious. 6/10 <br>Very good cast, but Austin Abrams was exceptional, an Oscar level performance.",2,2025-09-15T05:17:21Z
@chipiii12,Whoever doesn&#39;t get Gladys gets Glynnis,0,2025-09-15T03:52:00Z
@DarthVader19-77,Every kid walked downstairs? Every house has two stories? Interesting. 🤔,0,2025-09-15T02:49:56Z
@salchicha6477,i saw this movie it was so good 🤪🤪🤪 i also cried at the end 😅😅😅🤣,2,2025-09-15T01:47:21Z
@NeomorphLV426,6.5-7/10! Not as good as the trailer made out but still a good watch.,2,2025-09-15T01:21:52Z
@Sorljaei,취저❤😻💕,0,2025-09-15T00:07:14Z
@halloweenville1,"I need my Horror fix for Halloween, this is so on the list.",2,2025-09-14T23:11:01Z
@mansoso3903,What an ending 😂,0,2025-09-14T21:35:22Z
@DANBSTL24,Just watched this. What a brilliant film! Very creepy,4,2025-09-14T21:32:01Z
@Retribution7214,We NEED everyone to ATLEAST make a S10 of the flash🫩🫩🫩 the end was pretty good tho ngl,1,2025-09-14T20:08:53Z
@nvidu_videolife,"What a funny movie this is. Children disappear at night, not at school. Should a school teacher be held responsible for that? Parents should be held responsible for not looking after their children. Don&#39;t they even have the brains to think about it? Is the person who wrote the story crazy or is it just like the Americans?",2,2025-09-14T17:17:58Z
@CRYPTOTIGERGROWL,i think this one is a good movie,0,2025-09-14T15:45:22Z
@YOUU-TOUBERR,The end of this movie feels like a “wkyk” sketch,0,2025-09-14T14:13:07Z
@luiscuevas421,I was worried I was going to get triggered watching this movie but it was really good and I would definitely watch it again.,2,2025-09-14T13:07:41Z
@VodlenGD,"Wait, A TRUE FCKIN STORY!?",0,2025-09-14T12:34:03Z
@Youngandbeauty,"I watched this movie yesterday, and it was amazing. Totally recomended!",3,2025-09-14T09:51:19Z
@jbizzy508,This movie was very very very good,2,2025-09-14T08:07:53Z
@shogunspear9739,this movie was hilarious,1,2025-09-14T04:10:54Z
@stelaqendrimgashi9251,Not her name is Justine but she looks 99% like Justin Timberlake female version.,3,2025-09-14T02:38:09Z
@ariabeauty1904,"The ending left me confused, I felt like it came out of nowhere and was a bit too sudden.😕",1,2025-09-13T23:53:18Z
@Xxdominater,Was a really great film! Horror is back and better than ever,1,2025-09-13T23:53:11Z
@Harry-jz1dn,"I really enjoyed this. As someone who rarely can enjoy a new movie these days as they&#39;re all mostly overrated garbage... Weapons kept me interested and engrossed throughout. It wasn&#39;t a particularly scary horror movie, but the &quot;gore&quot; scenes were very well done and pretty shocking (not Terrifier level, but inventive). It had a great movie score, something I don&#39;t tend to notice. Good acting too and had decent dark humour",1,2025-09-13T23:47:01Z
@leinad7246,Thanos should have used the Time Stone to get those kids back.,0,2025-09-13T19:24:17Z
@naaaaur,this sated my thirst for horror ! a really good watch and flow of storytelling,0,2025-09-13T17:27:52Z
@AxJames007,MID MID MID !,0,2025-09-13T17:26:32Z
@Bammboo176,Every kid lived in a 2 story house?,0,2025-09-13T17:12:40Z
@LionMentality-27,"watched it yesterday, my honest take is Movies that are made for the entertainment of like minded people are back baby ! <br>the timeline is healing.",1,2025-09-13T14:50:42Z
@nihongoseru4495,Hhhhh,0,2025-09-13T13:29:19Z
@bluewhitewebdesign5004,"Best film I&#39;ve seen in a long, long time.",1,2025-09-13T13:21:28Z
@armyrs1543,Why they run like anime 😅 <br>Naruto😊,1,2025-09-13T12:22:07Z
@IshieFerdinand,Is it only me or are horror movies no longer scary,11,2025-09-13T10:51:14Z
@jackscherf9149,Great movie,1,2025-09-13T10:10:12Z
@ekairfandi3255,Village of the damn and children of the corn vibes...nice.,2,2025-09-13T09:37:05Z
@ZOOZ_,الفيلم أسطوري ومشوق ويشدك لآخر ثانية فيه ، لا يفوتكم,2,2025-09-13T09:12:43Z
@krazyworld592,"Yeah, this film was solid AF",2,2025-09-13T08:41:27Z
@theeditablestat,"omg which ghost makeup artist did that to the kids is diabolical, USE THE BLENDER",1,2025-09-13T08:34:03Z
@kyondance,I was in Portland when I watched this movie 🫣 I didn’t see it coming at all. The best movie this year so far imo!!!,0,2025-09-13T07:38:23Z
@peterpan2575,"No jumpscares for me, but i did enjoy it…great storytelling ,cinematography and concept…it just that the ending vibe felt a little disconnected and rushed..Overall it was a fresh and fun ride❤",5,2025-09-13T05:54:07Z
@Holyhairyareola,after watching it and this again its nice to see some snippets of the ending thrown in there.,1,2025-09-13T04:54:46Z
@YaritzaMasso,Me and my mom wants to see this may someone please tell me what movie theater is this at,0,2025-09-13T04:23:34Z
@KahanaisMarkandy,Experimentation with different tones keeps channels fresh,0,2025-09-13T03:51:07Z
@doctorg3790,Just watched! This was totally insane! Loved every minute of it 😂,1,2025-09-13T03:15:13Z
@nicolecollins6650,This was a pretty good movie!!! It got my attention and I def didnt expect what happened!!! Worth the watch for sure 👌,0,2025-09-13T02:02:40Z
@shino8854,The kids seemingly doing the Naruto run sold this movie to me.,0,2025-09-12T23:19:24Z
@apme12,Dang enough about the dang trailer I wanna know if the movies any good!!,2,2025-09-12T22:59:14Z
@TXS175,Finally a good movie,1,2025-09-12T22:40:09Z
@carolinalc9198,It wasn&#39;t that good. But I love the actors.,2,2025-09-12T21:34:25Z
@Rodrigo-er4bp,iconic.,2,2025-09-12T21:30:36Z
@rogerfederer8342,The FACT (!!!) that it&#39;s not based on a &quot;real story&quot; is very disappointing!  So the director made something up and wrote it at the beginning of the film  to attract attention?? WTF?  I mean... this how you do it now... <br>&quot;Noooo.... it&#39;s not a real story but it works...&quot;  :О,1,2025-09-12T19:03:05Z
@hopeseekr,It&#39;s an AWESOME movie!! 10/10!!,1,2025-09-12T17:20:54Z
@top10foryou84,In that whole movie I only liked the teacher 😂,0,2025-09-12T16:39:56Z
@brandydarrach4989,TikTok brought me here,1,2025-09-12T14:45:38Z
@vuot-x4b,Audiences reward creators who spotlight smaller voices,0,2025-09-12T14:24:54Z
@thick8131,This what you call a good horror movie right here,2,2025-09-12T08:26:47Z
@dhineshdj9527,You know a movie is truly a masterpiece when you find yourself coming here afterwards just to witness its universal adoration.,5,2025-09-12T07:20:07Z
@ALPHABRAVO487,this movie is a revolution in the horror industry... i was not expecting anything in it... just amazing so good and unexpected,2,2025-09-12T06:51:06Z
@bakongsankhongyiang5572,One of the best horror movie I ever watch😮🎉,0,2025-09-12T05:31:35Z
@seantaylor7521,"Pretty good,definitely original.",0,2025-09-12T04:13:41Z
@lazybaki,Vash,0,2025-09-12T02:31:09Z
@josephstevens7874,"Thanks for giving away the whole plot, ya dumbwit.",0,2025-09-12T02:20:02Z
@Zaderfunny410,Like cooties if y’all remember that,0,2025-09-11T23:39:06Z
@insafelhilali6272,0:65,0,2025-09-11T23:33:49Z
@Hammern28,"Just saw this movie, and it was effin awesome.<br><br>I have spoken.",2,2025-09-11T23:27:18Z
@Tttvmist,Bro this was a fire movie,0,2025-09-11T21:15:16Z
@DaniloTodie,Perfeito 6.5/10,0,2025-09-11T17:35:27Z
@MrNeckCrack,Weapons &gt; Him <br><br>On what i wanna see and will see. Saw 28 years later. Saw the new jurassic movie. This actually looks WORTH seeing. 💯,0,2025-09-11T17:29:24Z
@SATHYA8492,This movie was 100 times way better👏❤👍 than Barbarian👎,1,2025-09-11T17:13:50Z
@YofavColour-h1k7g,nice,0,2025-09-11T16:22:49Z
@DasEfx,Pied Piper approves this trailer!! lol,0,2025-09-11T14:36:45Z
@thegreatest299,"Just watched this today, and it is now my fave horror movie in the recent years. The plot, story telling and that ending is top-notch horror.",1,2025-09-11T14:07:00Z
@carvinguptrails,"Was an awesome movie, just got out of the theater",2,2025-09-11T13:36:58Z
@saileshchand2056,Real story from fiji. Kids got missing,0,2025-09-11T06:24:36Z
@arithmeticmortality9590,MOVIE WAS A BANGER JUST WATCH IT🫡🔥🔥🔥,1,2025-09-11T06:18:36Z
@Jibril_EVO,Cant help but to see thanos and wong and silver surfer in the same movie😂,1,2025-09-11T06:12:11Z
@srrtbb,Dude love this movie. It is really unique. Is a much watch. I saw short trailer once and watched it w/o reading details and it was really enjoyable!,0,2025-09-11T04:20:20Z
@charliecharliecharliecharl8554,"Brilliant creepy and ending is very entertaining , anyone shouldn&#39;t even watch this trailer",0,2025-09-11T01:50:39Z
@Julien-e6l,I saw the film. A good movie...dark...and realist<br><br>Spoiler :<br><br><br><br><br><br><br><br><br><br><br>A good movie about witch...,0,2025-09-11T01:32:35Z
@w0kst4r,"me and my gf loved this, funny yet scary !!",0,2025-09-10T23:19:20Z
@mariosevene1378,Just Watched<br>Best movie everrr,0,2025-09-10T23:09:11Z
@phoboshorizon,It&#39;s the aunt of the little boy using witchcraft to turn purple into weapons.,0,2025-09-10T22:15:19Z
@KashIsai-r5p,Live reactions during major events boost real-time visibility,0,2025-09-10T22:07:39Z
@theupperdeckertaker9991,I just downloaded this to watch between patrols at work tonight. I hope its as interesting as the trailers are. And i had a thing for Ruth Langmore too shes a cutie 😍,0,2025-09-10T21:44:04Z
@wotruannwah5678,It would have been better if the actors had acted happier with their mouths more open,0,2025-09-10T21:22:35Z
@aljonmarpolbo9577,They should make a prequel about the origin of the witch.,1,2025-09-10T21:20:10Z
@ShatteredAims,Zach Cregger very genius,0,2025-09-10T20:49:26Z
@waykuratvines,Best trailer of the year...ang galing🎉,0,2025-09-10T18:55:50Z
@ShatteredAims,im come here to see any comment about the technic they running?are they same with konoha ninja?,0,2025-09-10T18:41:38Z
@Mommyyof5,Watched it lastnight &amp; it was good! Until the end! 😤😡 they explained NOTHING! 😡,0,2025-09-10T17:12:30Z
@zeldanadia9471,the trailer was more scary than the movie i would&#39;ve liked more explanation to the movie my opion the movie was bit disappointing 6/10,1,2025-09-10T15:27:46Z
@chrisryan2107,HANDS DOWN BEST HORROR OF 2025,2,2025-09-10T14:57:46Z
@babichakrabarty779,I&#39;m from India and just finished watching the movie and it&#39;s already movie of the year for me ❤❤,1,2025-09-10T13:28:03Z
@potpolima,The writer must be inspired by hunter x hunter manga... one of the character there has the power to turn people into zombies and can command them to kill a target.,0,2025-09-10T12:58:22Z
@lilith819,"Okay so is I am only one who is unlimited flow school arc vibe here , tell me I am not only one.",0,2025-09-10T12:34:23Z
@Hisown-m4w,I just watch it 😂😂😂 nice movie,3,2025-09-10T11:11:02Z
@ShredTrax,"Good movie. The actors could have been a bit happier and their mouths a bit more open, though.",1,2025-09-10T11:02:58Z
@alexstudio7506,The movie really good,0,2025-09-10T08:28:22Z
@andiamruby66,"this is so good, i watched it, i love how interesting and new kinda story this is, not those typical horror movies, such a good watch",0,2025-09-10T07:07:00Z
@IanLaurequez03,Damn Warner Bros. cooking a lot of films lately since post pandemic.,0,2025-09-10T04:21:04Z
@orlandoatzin1660,Weapons,0,2025-09-10T02:10:19Z
@luiscalderon205,Una excelente película. Mucho mejor que la del Conjuro 4,0,2025-09-10T01:40:55Z
@Tavenagh,Movie was a comedy. It’s hilarious. Not even joking,0,2025-09-09T22:41:51Z
@gotchaback1365,"That’s it…I’m convinced all major directors are in jail, gitmo, or worse cause Julie garner is a class act, an amazing actor, yet this movie was absolutely ridiculous. She is much much better than this.",0,2025-09-09T21:52:42Z
@TheDaragh123,"incredible film, deeply unsettling",1,2025-09-09T21:47:40Z
@YouToniLiveTwice,"Good movie really well made leaves you wondering about certain characters backstory i didn&#39;t think it was scary but i don&#39;t really watch horrors for that reason tbh i just like them , some people might find it scary it&#39;s more suspenseful and a mystery movie , it deserves the high reviews because it is smart and quite original",0,2025-09-09T21:26:43Z
@tommyreusse3858,very weird movie. liked watching it tho. feels like American Horror Story,0,2025-09-09T21:23:48Z
@matthewlewis4954,"Don&#39;t know whether to watch this or the new conjuring , has anyone seen them both yet?",0,2025-09-09T18:56:34Z
@gregorcollins,I don’t know y ppl find this stuff the least bit scary or even interesting. The first paranormal activity was the last effective horror movie. Everything after that blah,0,2025-09-09T18:54:51Z
@korgg9080,"EXPERIENCE IT IN IMAX<br>nah ah, not gonna happen😂😂",0,2025-09-09T17:24:32Z
@RifanoAryoWicaksana,9/10,1,2025-09-09T17:24:15Z
@Manojkumar-pq5xr,"This movie would have been great witchcraft horror movie told and executed in brilliant manner if they had not gone fully ridiculous in third act, making it somewhat goofy horror thriller. <br>The story and plot is certainly well made, the suspense is built great ,the music and cinematography with some genuine jumpscares, worth watching for it.",0,2025-09-09T16:49:07Z
@BlackChristmas-j3q,Just bought it,0,2025-09-09T16:14:52Z
@Wayne-v9f,Ruth is back !!!,1,2025-09-09T16:01:59Z
@gideonsanders6514,Why was this called weapons <br>Makes no sense,0,2025-09-09T14:33:43Z
@timparry5995,Is this scary?,0,2025-09-09T12:17:10Z
@bayareadrifter415,"Just seen this in theaters today and im an independent movie guru and collector of art in the form of media. I have to say, this movie was DOPE. Totally unexpected storyline. Just dont watch too much of the trailers and your in 4 a ride",2,2025-09-09T12:09:30Z
@LauraOfTheValley,"After finally watching the full movie, I&#39;m much more interested in seeing what Jordan Peele could have done differently. <br>I&#39;m sure he could have come up with something a lot better than a movie about Myrtle Snow terrorizing the residents of a small suburban neighborhood.",1,2025-09-09T10:48:34Z
@FatherGapon-gw6yo,Looks dumb,2,2025-09-09T09:59:28Z
@SagarKumar-sk6qk,This movie is insperid from gujarati language movie name vash,0,2025-09-09T06:51:54Z
@missperfectluxury7630,"this remind me of hereditary one of the best scary movies ever ,in all my life i never gotten jump scared and this one did it.I thought it was going to be a cringe movie with kids like I.T clown but no this was really good",1,2025-09-09T06:45:18Z
@ecebec,watched it... and i can say that i&#39;ve never seen 17 kids dissasemble a granny to  her basic components<br><br>but ignoring the silly last 15 minutes the movie was really suspenseful and it had every person in the theater looking at the screen like it was going to cure cancer... had a good watch :D,0,2025-09-08T10:41:09Z
@Advis3r17,im not scared,0,2025-09-08T09:34:15Z
@yehaesss,is that based on true story?,1,2025-09-08T07:41:04Z
@sutton0028,But do you know that Aunt Gladys has a twin : Glynnis?,0,2025-09-08T04:18:02Z
@kamenriderimori,I rate this a 9 out of 10.<br>I docked one point because the characters needed to be happier and with their mouths open.,0,2025-09-08T01:20:31Z
@smoothtuber1239,😴 👎,1,2025-09-08T00:25:26Z
@RylieBrielle,Laniii lanii,0,2025-09-07T23:45:59Z
@GiadinhKhomau,Very thoughtful.,0,2025-09-07T23:28:33Z
@MarieMooney-s4b,Someone plzzzzz tell me how this can b a true story?,1,2025-09-07T22:49:55Z
@siesiechampion,Yall always complaining about trailers… how bout we get rid of them as a whole 🙄 or maybe just don’t watch a trailer and take yall chance,2,2025-09-07T19:28:50Z
@EU_is_rotten,"For those who haven&#39;t seen it yet, it&#39;s good. But not mind blowing",2,2025-09-07T11:37:33Z
@imMatt93,When you watch this...be happy way happy! And have your mouth way way open!,1,2025-09-07T09:12:16Z
@jeffreythomas515,"I love when you see a trailer that gives close to nothing away, leaves you wondering what could possibly happen given what you HAVE seen, and leaves you wanting to see it immediately. Well done. 👏🏼",0,2025-09-07T06:54:07Z
@geidydejesusz6356,i&#39;m in schock is this a really true history?,0,2025-09-07T06:19:51Z
@alexisalexis4469,"I stopped the trailer halfway through just to avoid spoilers, watched the film the same night, and then finished the trailer. Great movie.",2,2025-09-07T04:27:24Z
@DjDaveDiggz,"My wife and I managed to snag tickets to Weapons at the very last second, and we literally rushed to make it to the theater on time. We’re so glad we did, because this turned out to be one of the best movie experiences we’ve had in years. From start to finish, the film kept us completely locked in, smart, intense, and so well put together. At one point my wife screamed like a girl while I couldn’t help but laugh at the scary parts, which made the whole experience even better. I also realized my eyes haven’t been that wide open in years. The sheer intensity of the movie kept me glued to the screen. We walked out of the theater saying the same thing. Weapons isn’t just good, it’s SiCK, twisted and truly unforgettable.",312,2025-09-07T03:21:57Z
@justinm1432,The little girls voice sounds just like the girls voice on the song by The Gza- liquid swords. It’s a sample from the movie Shogun Assassin. Makes me think that’s what they’re going for. I love it.,1,2025-09-07T02:04:03Z
@fromdepressiontoexpression,"It&#39;s not scary, but it&#39;s nasty, weird and psycho",3,2025-09-07T01:32:43Z
@vidhubhardwaj9672,"Trailer is not even 10% of how amazing the actual movie was, absolute masterpiece in direction and cinematography ❤",6,2025-09-06T18:51:16Z
@califromthevalley,"As someone who almost exclusively watches horror/thrillers, this has got to be one of the most captivating horror movies I&#39;ve seen in years. I had me seriously constantly at the edge of my seat. WOW!",41,2025-09-06T11:20:27Z
@varishariaz1353,Now thats a trailer!!!,0,2025-09-05T23:34:49Z
@mindyourmorals2425,The trailer and movie was great! Been a while since a really good horror film,2,2025-09-05T22:28:32Z
@amangill3154,going to watch it tonight,0,2025-09-05T21:18:01Z
@EmelyDominic,Featuring contrasting viewpoints attracts wider audiences,0,2025-09-05T20:19:03Z
@reneeherewasup,waste of time,13,2025-09-05T19:26:29Z
@dios12300,Goodbye Gladys,0,2025-09-05T15:08:31Z
@Lifeinsecs,See it n theatres don&#39;t miss it 😮😮😮🎉🎉🎉,1,2025-09-05T07:31:02Z
@Jaden-m9l,he needs more bullets,0,2025-09-05T04:14:00Z
@WoodenHooligan90,Good thing I didn&#39;t watch the trailer before the movie. Trailers need to stop showing soo much good stuff.,0,2025-09-05T01:36:31Z
@i_am_not_batman,"This is one of the best horror movies I&#39;ve seen in the last decade. Perfectly paced. The tension will drive you nuts. Go in as blind as you can, and don&#39;t feel bad about laughing at a few parts.",4,2025-09-05T01:07:29Z
@judyavril123,Also if you&#39;re a born again Christian I beseech you by the mercies of God NOT to watch this movie. I and my sister felt so drained physically after watching this movie. We repented for watching this horror film.,1,2025-09-05T00:42:26Z
@designjorge,great movie! I was scared and laughed at the same time.,0,2025-09-04T13:23:19Z
@TheWendigoKing1914,Best movie in years.,0,2025-09-04T03:13:44Z
@JaKBaLLTV,"love this movie! felt like i was watching something John Saul might have wrote, used to read all his books back in the 80s, 90s.. the movie kind of reminds me of &#39;Suffer The Children&#39;, one of his most popular books ☮",0,2025-09-04T00:42:27Z
@PapaPussyman,the snap at the end 😮,0,2025-09-04T00:21:52Z
@midnighthorrorstation3562,now I will started watching bd time midnight,0,2025-09-03T18:44:08Z
@midnighthorrorstation3562,amazing,0,2025-09-03T18:43:49Z
@Emulator_Crossing,"Its decent film...a typical are you afraid of the dark, twilight zone, x files plot + some &quot;zelda&quot; from pet semetery influnce.",1,2025-09-03T16:25:15Z
@koko1974ify,So good!,0,2025-09-03T14:33:22Z
@richardfortius,We&#39;re seeing thanos and wong on the same side yeahh,1,2025-09-03T13:42:05Z
@phoenixswanson1561,Ask Susan Sarandon.,0,2025-09-03T09:42:20Z
@rachelcline70,Amazing iam 55 and this is the best I&#39;ve seen since the 70&#39;s..can&#39;t stop talking about it,1,2025-09-03T08:58:19Z
@JacobthePug,"Weapons should get some nominations of Original Screenplay and Supporting Actress, right Borat?",0,2025-09-03T02:50:19Z
@arielwek,i saw this movie a couple days ago and cant believe how amazing it was. I am so happy zach creggor (the writer and director) is working on the new resident evil movie.,2,2025-09-02T23:11:09Z
@BeatRoot14,Best movie i saw of this year. Kept me interested throughout. Glad I didn&#39;t watch the trailer before,0,2025-09-02T20:10:10Z
@badgamergirl6182,This movie was incredible,2,2025-09-02T20:03:18Z
@PappyHab,Saw it last night and it was very good. There were 2-3 scenes where folks in the audience were laughing which I thought was stupid.,0,2025-09-02T15:59:13Z
@quinn_not_found404,It’s giving korn??,0,2025-09-02T11:33:29Z
@ananniadaniel9533,Thank god we have have an original story in a year full of sequels,1,2025-09-02T10:38:24Z
@kidkarlomagno9801,It was better than Barbarian.,0,2025-09-02T09:56:18Z
@BytetheG04T,This movie was actually pretty awesome.,1,2025-09-02T03:49:47Z
@JZTVworld,I KNOW RIGHT? KIDS ARE REALLY MONSTERS.,0,2025-09-02T03:02:53Z
@shanemhartley,Julia Garner is mommy,0,2025-09-02T02:27:05Z
@KingofPepsi,"The movie explains where the children were, but, does not tell or show where they were moved to. Hmmm?",0,2025-09-02T01:41:29Z
@davypelletier,Nah I’m good.,0,2025-09-01T22:42:10Z
@Proteus6684,"I cant believe Zach Cregger went from WKUK to this. Good for him, well done.",0,2025-09-01T16:09:42Z
@tjethwrhwth,Educational Shorts drive subscriber conversions,0,2025-09-01T14:30:55Z
@NormannoNapoletano,"Watched, Very good movie",1,2025-09-01T11:15:06Z
@ShottiePippen,Just went in blind to see it . Definitely recommend.,1,2025-09-01T05:18:40Z
@B.D.F.,“And they never came back” I just saw the movie and this is a lie. Why would the trailer lie like that? They’re literally all together at the end of the movie.,2,2025-09-01T03:26:43Z
@ROYALPRIX,The wkuk fanclub is proud,0,2025-09-01T02:42:02Z
@TheTechCguy,"It’s a curse, like the boogeyman! Like Michael Myers! 👻☠️😱🎃",1,2025-09-01T01:03:06Z
@U3p695,Don&#39;t tell me shhhh shhh,0,2025-08-31T21:55:12Z
@kalmiicockii,This trailer does not capture how good this film is.,12,2025-08-31T20:58:05Z
@bennybutton6842,"What a brutally terrifying movie. Genuinely shook when the credits rolled. Damn, son. Damn.",0,2025-08-31T20:29:56Z
@Haunie,Yay... another untitled midwich cuckoos remake.<br>Who needs original Ideas in this day and age.,0,2025-08-31T20:12:32Z
@BalaFrancotirador,Hopefully this is a good Movie to watch.,1,2025-08-31T19:01:12Z
@pgnault2699,Is this really true?,0,2025-08-31T18:08:29Z
@SonHoang-j2y8t,Viewers appreciate when creators acknowledge trending memes,0,2025-08-31T17:27:23Z
@jk7713,"Seen it last night, better than I thought it would be",1,2025-08-31T12:35:31Z
@Kingnome,Good film!!,1,2025-08-31T05:05:58Z
@ArayahIru,This movie was GOOD 🎉🎉🎉🎉 definitely a win for 2025 movies.,0,2025-08-31T03:57:41Z
@giovaninevarez,I&#39;m glad that Josh Brolin did good in this movie 🍿🎥❤❤❤❤,1,2025-08-31T02:32:20Z
@BrayonLucas13,"I LOVED THIS MOVIE, AN AMAZING EXPERIENCE 👏.",0,2025-08-31T01:22:21Z
@user-cg5yl4ct1y,Weapons was so good who’s with me?😰😍😂👇,2,2025-08-31T00:47:04Z
@su14803,This movie is really good. Watch it!,0,2025-08-30T22:27:32Z
@Pitbullx2012,people talk to much xD<br>ill leave here my reviews.<br>6.8/10 - good but not great,0,2025-08-30T22:09:30Z
@forsaken-cool-15,Cooties ahh movie.,0,2025-08-30T21:01:32Z
@truckingcomalexandre4628,Wow…. That’s all we need to watch with our kids in this f… up world 🌎.,0,2025-08-30T19:31:56Z
@maryherbert6391,This is a true story <br>It’s when a class went on a field trip and nobody ever found them again,0,2025-08-30T16:49:20Z
@Ends.Rocka822,"Best Movie in 2025 for this genre so far, HANDS DOWN!",0,2025-08-30T16:12:29Z
@Dan-kb9vr,Looks awesome,0,2025-08-30T15:14:41Z
@rustedyoda7339,eh,0,2025-08-30T12:57:31Z
@PSYCKYO,"I&#39;ll never understand people who like movies like this, nice people you are but like wtf lol",0,2025-08-30T11:47:07Z
@kimlk4313,"10/10 . I loved it , not in a romantic way but in a horror way😆👍🏼",1,2025-08-30T08:21:12Z
@icw_xbox,Just saw it it’s aii,0,2025-08-30T04:07:16Z
@peggybenjamin8290,Great movie😅,0,2025-08-30T01:12:33Z
@bebo1579,Hold on wait a minute the kid Its of horror Its make up,0,2025-08-29T22:19:51Z
@L0v3nP1ece,The ending got my theater cheering and clapping for a “Horror” movie mind you 😂 10/10,2,2025-08-29T21:07:10Z
@karlmoore7406,Black summer did this better imo,0,2025-08-29T19:08:23Z
@pmc1649,Terrific Flick,0,2025-08-29T14:22:26Z
@robtheservantof6257,So they tryna say Kids are Weapons??,0,2025-08-29T13:49:44Z
@DarkendingsS549,CANT WAIT TO SEE THIS,0,2025-08-29T06:24:58Z
@ambrosioflores5074,SPOILER ALERT ‼️ 🚨<br><br><br><br><br><br><br><br><br><br><br><br><br><br><br><br><br><br><br><br><br><br><br><br><br><br><br><br><br><br><br><br>Idk what was funnier James keeping coming back up or the kids running after the witch😂😂😂,3,2025-08-29T02:43:12Z
@SpazzForeign,Great trailer,0,2025-08-29T00:53:11Z
@ThuYen-y4n,Adding timestamps boosts replay value,0,2025-08-28T23:30:36Z
@MakeMoney-zh7uc,"Beautifully filmed movie,not that deep in the storytelling aspect of it but in my honest opinion this one is very good compared to movies in the last couple of years,i actually liked it its a solid 7-8/10 very watchable but slow in the first half which might trigger some poeple.",0,2025-08-28T20:58:57Z
@TheCake8queen,"This sounds like a Quentin Tarantino movie, but kudos to the director Zach Cregger. I&#39;m very intrigued to see it, but not by myself. I&#39;ve watched Children of the Corn and IT before; not a fan of horror, but love suspense. If my students were missing? What a scary question.",1,2025-08-28T13:02:05Z
@jellyfishrage33,I haven&#39;t felt this creeped out in a long time.,3,2025-08-28T06:50:19Z
@MCLottotv,"I loved this movie! It touches on real Juju magic process: Traffickers (or in the case of the film &quot;Weapons&quot;) take victims&#39; personal items including underwear, pubic hair, nails, or blood after making incisions with razors. This is believed to give the juju doctors control over the women through items containing their &quot;spiritual aura&quot;.",0,2025-08-28T01:57:56Z
@bliquis,Wohoo another especulated cliche from holywood cartel. Of course with good marketing,1,2025-08-28T00:37:39Z
@MajinGhozzy666,Is this based on the ChowChilla Kidnapping of those 26 kids......?,1,2025-08-27T23:11:56Z
@SOCCERKATT16,Great movie!,1,2025-08-27T14:56:09Z
@RedVideoMovie,Hereditary walked so Weapons could run,0,2025-08-27T14:30:47Z
@FrankSzalai,"This is a proper horror movie, original story, great acting, good twists. Watch it if you dare.",2,2025-08-27T13:32:14Z
@karlaspoonamore5189,PLEASE!!!!! Go see this movie; it will keep you on the edge of your seat; love love love it!!!!!!😍,1,2025-08-27T13:04:09Z
@TrangThao-x8m,Chapters help organize long videos and encourage rewatching,0,2025-08-27T12:29:25Z
@GiadinhKhomau,Visual metaphors make complex concepts memorable,1,2025-08-27T12:15:06Z
@RayWitter-b7x,I&#39;m like. Wait. Sweet Amy Madigan from Field of Dreams?,0,2025-08-27T07:03:42Z
@RayWitter-b7x,17 kids leave at the 17th minute. Any significance?,0,2025-08-27T07:01:37Z
@paigedeneen4935,"Just saw this in theaters tonight, and I can say whoever made this trailer did a great job! It gives absolutely nothing away, just tells enough to make it interesting. Movie was so good!",192,2025-08-27T05:37:17Z
@itsthemaggieshow,"After seeing the movie, I can&#39;t believe they just straight-up showed some parts from the final act here",3,2025-08-27T04:53:41Z
@LyricUnown,@Lani love,0,2025-08-27T02:50:24Z
@AnthonyGraham-qc3jc,Maybe we should  go to this tonight,1,2025-08-26T22:05:06Z
@rupertperiwinkle4477,Kids are always scary even in real life lol.   This movie looks boring.,1,2025-08-26T21:18:55Z
@enchantedharlot,"Little kids creep me out so much more than anything else they put in horror movies. Clowns, ghosts, monsters, serial killers... I&#39;m completely unbothered by them. But little kids??? I find them to be absolutely terrifying 😂😂",0,2025-08-26T19:41:25Z
@TwoSpiritedChosenOne,all these movies looking boring to me,1,2025-08-26T17:56:43Z
@krunalkp1032,Damn a movie trailer cant be more perfect than this,0,2025-08-26T13:41:27Z
@SadBoiB93,HBO mini series about Gladys Origin? I would watch that just saying. Got me wondering how long she’s been doing this to sustain her life.. 🌙,1,2025-08-26T06:36:54Z
@TheAlexlab,"Awesome, awesome movie.",1,2025-08-26T06:12:34Z
@sadeegreenTV,Movie was so Good It&#39;s been so long I haven&#39;t enjoyed a good Horror this was the 1!!,1,2025-08-26T03:31:52Z
@79TheLight,Watched this last night. Great movie! 10/10,1,2025-08-25T22:52:42Z
@NicolaRoberts-x3v,This and longlegs have been my favourite horrors since sinster 1. Really good film and truly scary to think that these demons are still with in our midst every day!,0,2025-08-25T14:56:32Z
@andyalmostbottrygaming,"Spoiler alert, the kids are running because they been told they got free Fortine skin if they leave their house at the middle of the night. Do it lady.",4,2025-08-25T14:11:27Z
@cynthiastevens8302,Nothing thrilling here,0,2025-08-25T12:41:29Z
@KorinaKoriiiina,Pretty good movie. Had us yelling/shouting in fear and shock lol,0,2025-08-25T10:34:15Z
@OGyoda7,"Just watched it, it’s really good. No complains at all",1,2025-08-25T07:39:18Z
@Eternyl_bliss-nj9se,well its based on children so probably wont be scary...sigh... good news at least its not PG-13!,0,2025-08-25T07:17:50Z
@seattlevixen,Badass. I loved it. What a ride!!!,0,2025-08-25T05:19:15Z
@HarunrRashid-kw6hj,There have the flag of Bangladesh 🇧🇩🇧🇩,0,2025-08-25T05:10:46Z
@Kriptiko,Can confidently say I&#39;ve never ever seen a horror movie like that,0,2025-08-25T04:47:08Z
@lasto1897,AMAZING MOVIE. I RECOMMEND IT. GLAD THAT I WATCHED IT IN CINEMA.,0,2025-08-25T04:01:53Z
@IdiotSandwich122,This was one of the creepiest movies I&#39;ve ever seen. That Benedict Wong scene was bloody terrifying.,5,2025-08-25T03:59:21Z
@nunyabusiness9056,"I saw this last night. <br><br>I&#39;v eseen over 3500 horror movies and this was the best one i&#39;d seen in years. Zach Cregger is going to be one of the best voices in horror for some time. I hate horror comedies, and this wasn&#39;t one but it manage to not only unsettle and creep me out so much but i laughed so many times at it. Cregger is a genius at skirting that balance with it. <br><br>Go see this.",13,2025-08-25T03:51:24Z
@감-l3f,"Storyline, Characters.. apparently Weapons will be one of BEST horror movie ever",1,2025-08-25T03:50:24Z
@abayarts,watching this trailer after watching the movie...oh wow they showed a lot in this. good thing i did not see this one and only the teaser.,0,2025-08-25T02:59:42Z
@EmilyIsHere1111,Saw it last night and I can honestly say I have not seen such a good horror movie in a very long time!  1000000 percent worth my theater admission price.,1,2025-08-25T02:08:03Z
@kesya153,Udh nnton bagus banget!,0,2025-08-24T23:02:46Z
@CaptinBen10,"Come, little children, I&#39;ll take thee away,<br>Into a land of enchantment.<br>Come, little children, the time&#39;s come to play,<br>Here in my garden of magic.",0,2025-08-24T22:08:19Z
@JR-td5zj,It gives me Sinister vibes,0,2025-08-24T21:48:10Z
@xandercrews4729,Lived up to the hype.,0,2025-08-24T21:29:47Z
@Claudia_luvs_u,i’m watching the ad again after watching the movie and this is now my favorite movie,0,2025-08-24T20:45:14Z
@nilimashaikh2512,Loved it this movie is best horror movie so far ❤,0,2025-08-24T20:39:01Z
@photoman2004,Well made horror movie!,0,2025-08-24T20:21:46Z
@j-amsseyes4963,Just saw the movie it was very good! I respect good movies and this was there just enough of everything!!!!!! Hats off to the man who wrote this very original movie just saw they are talking about a sequel about the aunt if so take your time and make it good please,0,2025-08-24T19:54:30Z
@AlcmenaChan,"It was so good and so funny as well! And I mean it as a compliment, it masterfully offered a mix of reactions to certain surreal scenes. Really entertaining and fresh. The director is at 2/2 with this and Barbarian!",2,2025-08-24T19:12:33Z
@gmailobesr1687,I wonder if ruth is gonna consult Marty bird on this one,1,2025-08-24T18:24:03Z
@YurikRoss,So happy a former Whitest Kids you Know member managed to make it. These guys were too creative to stay obscure,2,2025-08-24T17:11:37Z
@ralphalvarez6635,👍👍👍 great movie,1,2025-08-24T15:44:18Z
@879SCSP,It&#39;s wild how I never really noticed Aunt Gladys in the trailer until the film came out,5,2025-08-24T15:20:50Z
@randomix4023,"Spoiler ALERT: The aunt of the child narrating in the video is a Witch and she controls his schoolmates for keeping her alive (like Dracula) and in the end the kid turn against his aunt his schoolmates to rip her apart thus saving his teacher, his parents and his schoolmates. You are WELCOME!",1,2025-08-24T15:17:15Z
@stilwells,"Please make sure your theather has a decent amount of people, it makes the experience way better trust me",8,2025-08-24T14:40:02Z
@lebonsies,im scare,1,2025-08-24T14:27:39Z
@ReeganS-m7p,Wow,1,2025-08-24T12:16:36Z
@omgupta6284,Hindi dubbed,1,2025-08-24T07:54:33Z
@gums0099,Ima be honest I watched this at the drive in ngl didn’t love it but didn’t hate it same with the other movie together both played both to me are just weird but like I’m not saying it’s bad and I’m not gonna set out to say it was fantastic,2,2025-08-24T05:53:19Z
@gnostichkdumhv,Enchanth &#39;mg... Juicy!!,1,2025-08-24T03:36:13Z
@Yunusuu2,Scary and funny lol I loved it,2,2025-08-24T01:39:16Z
@stevenalzate4248,Fantastic film,1,2025-08-24T00:49:37Z
@Neil_TheShiningMile,"Without giving away any spoilers, this script is a great example of how you can develop an idea … and then tell it from a unique angle that leads the initial narrative.",9,2025-08-23T23:14:42Z
@The-Beard-Bong-Rider,"Thanos, Silver Surfer and Wong to the rescue",3,2025-08-23T22:12:27Z
@peter-r3o3v,It&#39;s about generational change.,2,2025-08-23T20:44:10Z
@nterrell11027,Literally every kid had an upstairs room?,3,2025-08-23T20:40:19Z
@iambmarieg,Saw it today! Loved it!,2,2025-08-23T20:40:19Z
@Theclippersisters,AYY SADIES IN THE MOVIE,1,2025-08-23T20:33:18Z
@BrittanyTurchio,Omg this movie looks so good!!!!,1,2025-08-23T20:31:54Z
@MistyMunchies,This is so so good..,2,2025-08-23T17:40:56Z
@SydniPortierIVjr,Such a good movie. I saw it last night. Packed theater.  Bravo!!!! Such a roller coaster!!! WOW,6,2025-08-23T16:35:52Z
@inarana4984,AMAZING! MOVIE &lt;3,2,2025-08-23T15:34:41Z
@danaskovici,Vincenzo Montella curse😂,1,2025-08-23T12:56:01Z
@jamesclark5093,I love how people believe these are just movies. Fictions,1,2025-08-23T12:20:07Z
@ExtractorGames,This was one of the best and most terrifying movies I&#39;ve ever seen,2,2025-08-23T12:17:13Z
@folladordeprostis,Why the aunt was doing that ??,1,2025-08-23T05:26:51Z
@javamurniadi6520,This movie reminds me of Longlegs ❤,2,2025-08-23T05:17:30Z
@RadJack14,What an incredibly terrifying and well written movie. Definitely worth the hype,8,2025-08-23T03:57:45Z
@abi69169,how many of you rewatch this ??,3,2025-08-23T02:32:16Z
@alisonweldele5813,A day before my birthday,1,2025-08-23T01:40:14Z
@ranaosama6497,Very good movie 👏👏👏,2,2025-08-22T23:23:21Z
@leewoods1030,No..... no no no no no       I&#39;ll give this a miss 😧,0,2025-08-22T23:12:14Z
@dawna1710,&quot;How can you have any pudding if you don&#39;t eat yer meat?&quot; 👩🏼‍🏫,2,2025-08-22T22:22:29Z
@Andy-Jarvis,just watched last night and my immediate thought while leaving the theater was &quot;i gotta be possessed Marcus for Halloween&quot;,4,2025-08-22T21:32:13Z
@ellie3365,Was this movie any good?,2,2025-08-22T21:24:48Z
@zzzzzzs-x3n,amazing movie,1,2025-08-22T20:00:42Z
@ImaxyxiaXJ,"Looks like this is gonna be another one of those film, where they&#39;ll keep making them, Before you know it there&#39;ll be remakes, trilogy reboots with a RV series...",3,2025-08-22T19:56:05Z
@kbrew8171,are there no P.O.C in this movie? Just saw the cast,1,2025-08-22T18:47:15Z
@imSchwaggy,Neglectful parents blame teacher for their children leaving the home under their watch.,3,2025-08-22T16:00:51Z
@elbarbadoblancodiablo,about to watch this and holy this trailer is scary as all get out.,1,2025-08-22T15:09:04Z
@saifalfarizi,Wow,1,2025-08-22T11:51:53Z
@bfjrd,Tinkerbell is doing bad stuff,3,2025-08-22T11:11:27Z
@MadisonSmith-g1h,I was thinking this sounds so familiar and it’s from scooby doo,1,2025-08-22T10:26:36Z
@chevyhargreaves9518,"just went and saw it, bro this movie is so raw and twisted and i love it ❤❤",2,2025-08-22T09:37:11Z
@Lipumamania1980,Movie was freggin amazing,1,2025-08-22T09:28:43Z
@YerUnclePhil,That was an amazing trailer. I&#39;d be proud of that edit alone. 😂,2,2025-08-22T07:19:35Z
@MaryaliceEJackson,Your videos never disappoint.,1,2025-08-22T05:49:43Z
@Sandau.poetry,🇵🇸,5,2025-08-22T04:54:22Z
@squirrelattackspidy,This is basically Storm of the Century meets A Nightmare on Elm Street.,1,2025-08-22T04:50:29Z
@RGB-s0s,"julia is such a good actress that i didn&#39;t realize she was the same lady in wolfman. very different character , i somewhat pseudo annoyed at, not the actress but the character.",2,2025-08-22T04:33:07Z
@WorldsWorstBoy,Absolutely flawless horror,3,2025-08-22T04:29:18Z
@aaronhutchcraft2288,Went and saw this tonight..was pretty good..,1,2025-08-22T04:27:08Z
@TotallyNotTheATF,Like for spoiler blocker.,2,2025-08-22T04:17:53Z
@paulocarnedthedamnmcinytre,Trevor Moore would be proud,2,2025-08-22T03:43:03Z
@PradeepShantha-s2w,Not bad. Something new.,0,2025-08-22T03:22:11Z
@luisferr2001,watched this one yesterday. had me at the edge of my seat from the start. love it!,0,2025-08-22T00:40:40Z
@Aleko_boi,Even Wong getting involved,0,2025-08-21T23:18:39Z
@Downriver73,"Finally, a movie with an original idea. This is on my list of favorite movies, job well done! ~D",2,2025-08-21T23:09:33Z
@Spirograp_Creations,Can you tell me if this story is good?,0,2025-08-21T22:46:41Z
@JosieMassoth,mason mangoes so tiff BAHRIGHT JUNKO,0,2025-08-21T21:58:42Z
@DonnaAbrams-qh7zt,Didn’t know what to expect from this movie but it was awesome.  Keeps you glued to the screen from start to end.  Loved it.,0,2025-08-21T21:31:36Z
@nick-g8551,This is giving longlegs vibes!... im very intrigued and want to see it now 😅,0,2025-08-21T21:13:42Z
@relaxmethods6958,"Director of Barbarian? No reason to see the rest of the trailer, I’m in.",0,2025-08-21T17:28:02Z
@dlarras,Mierdón cataclísmico,1,2025-08-21T15:07:01Z
@SerenityTheTeen,Whoever sent me this trailer for a brand new horror movie in 2025 is gonna be sued for this &amp; I am not happy with this right.,0,2025-08-21T13:44:57Z
@shanonmay-harmon4517,I didn&#39;t like it sorry... kept waiting for it to get better and it was over.sorry just my opinion.I love Josh and the blonde too,4,2025-08-21T13:28:26Z
@ashfaqurmurad,ভয়,0,2025-08-21T11:05:12Z
@killthoseyouenvy,what happened to the children????,0,2025-08-21T09:39:25Z
@Uniqjlo96,6.8/10,4,2025-08-21T05:31:05Z
@kluless8499,"Saw this today.  So many things come to mind.  Well done.  Engaging.  I especially liked how the film leans toward several explanations only to smash them all to bits.  When you finally see what &quot;it&quot; is, you&#39;ll be like...wait, wha???   There are no giveaways to what &quot;it&quot; is.  I did see one blooper in the film, but only one.   There are a few jump scares, so that&#39;s fun.  Oh~and this is definitely one to see on the big screen!",0,2025-08-21T05:28:50Z
@AbryanaGraham-Grant,Who see  Lani?,0,2025-08-21T04:56:44Z
@TalkingSoup,this movie was so fun. so rare to find a fun horror movie anymore and this one was an absolute delight,2,2025-08-21T02:25:41Z
@whitneybucholz8487,This looks so good,0,2025-08-21T02:21:21Z
@rustyshackleford6577,The real question is how many kids are gonna be running around like that this Halloween,2,2025-08-21T02:16:54Z
@RamsesRises,This was a good film 4/5 stars🌟 it dragged on a lil bit in the middle but overrall good.,2,2025-08-20T23:42:35Z
@NovoGold,NOT A TRUE STORY,2,2025-08-20T23:12:07Z
@guaponsb,I don’t get it,0,2025-08-20T22:52:20Z
@SindyxLotus,"So this is a comedy, ye?",0,2025-08-20T21:45:25Z
@AName175,Schatjes/Darlings (1984) is practically a horror movie for children. Very popular in Netherlands 🇳🇱,1,2025-08-20T20:33:57Z
@AName175,"I want this guy to re-make Dead &amp; Buried, and The Howling, that was directed by Gremlins director Joe Dante.",1,2025-08-20T20:30:24Z
@AName175,"For some reason, Weapons made me think of the alley in Silent Hill 1, for PlayStation, with the grey children, in the uncensored US version.",0,2025-08-20T20:27:37Z
@itsthekreev6098,The scissors car scene is one of the best scenes I’ve seen in a recent horror movie. If you know you know,31,2025-08-20T20:21:03Z
@BrittanyErin24,Saw this movie on a Tuesday night and the theater was packed. THIS is how you do horror movies. Truly phenomenal!,7,2025-08-20T20:19:33Z
@Crysty-tj9bd,Oscar winner for sure phenomenal movie,2,2025-08-20T17:33:45Z
@aryatalebniahir3843,I watched it last night. It was a really good movie and a unique script!,1,2025-08-20T16:57:28Z
@EthanG-h2x,And this is based off a true story in real life?,0,2025-08-20T16:25:52Z
@cthulhujoe79,a parody,0,2025-08-20T15:43:12Z
@mrKpooper4,"Istg when I first saw gladys, I thought.. thats JINKX MONSOON! 😅",0,2025-08-20T14:41:18Z
@Everyn04,Just finish watching this movie.. i gotta say this the craziest movie i ever seen this year.. idk how to explain the horror but it give me chills..,3,2025-08-20T13:40:29Z
@therealest4490,"THIS IS HOW YOU MAKE A TRAILER, HOLLYWOOD!!",1,2025-08-20T12:44:19Z
@uturancosmile4579,"Amazing movie! Go watch it immedieately :D I usually don’t like horrors, but this one is excelent. No cheap jumpscares, great believable story, perfect acting, great writing. Just go go go",0,2025-08-20T12:21:17Z
@Iseeyouwatchin77,"Same time the Virgina children went missing, all 50 of them. They&#39;re telling you what they&#39;re doing! Wake tf up.",1,2025-08-20T11:30:48Z
@animusbathory2257,"Looking at this back, the trailer definitely spoil you. But since you have 0 context in the details (unless of coutse you&#39;ve seen the movie), it doesn&#39;t matter. Bravo.",0,2025-08-20T10:17:10Z
@lakrasia,"I saw this yesterday - pretty good, well-constructed film whose paranormal story made enough sense.",0,2025-08-20T09:56:24Z
@FartSmucker,"No pride flags in that school, good.",1,2025-08-20T09:22:35Z
@Fxg.2026,Modern Witch story,0,2025-08-20T09:00:03Z
@sophiaisabellezzz,"Probably hands down, the best horror film of 2025 so far. Julia Garner, Josh Brolin, Alden Ehrenreich are such commendable actors. The acting performances did not disappoint. They gave their all into this.",1,2025-08-20T07:17:03Z
@sophiaisabellezzz,This movie shook me to my absolute core. Zach Cregger is phenomenal. With every single twist and turn is sure to make your head twist and turn in the process because of shocking it was.,1,2025-08-20T07:14:47Z
@konuzbenissa7929,"I just came here after I watched today. I need you to close Youtube page, take ur car keys and go to the nearest theatre. Enjoy.",0,2025-08-20T06:11:21Z
@platinumdynasty7700,We just went to see this movie in DXL Screen.... No Spoiler!!! This movie is definitely worth seeing if you&#39;re a Horror Movie Fan.. Definitely Worth the time it&#39;s a slow start.. But when Your start meeting the Charters it gets even better.,0,2025-08-20T05:40:54Z
@kjfromocpodcast1110,"I&#39;ve seen this 2x now, thank u AMC A List. This is A) one the best horror films I&#39;ve seen all year (other top 2 entries are Sinners and Presence). And B) it is filmed in such a unique way that if you stop paying attention, you&#39;re gonna miss something. I see why it got 100% on Rotten Tomatoes. I give it (and the other 2 movies) an A+",1,2025-08-20T04:38:22Z
@stinka03,This trailer should win an Oscar. Is the best I have seen in many years 👏👏👏,0,2025-08-20T04:29:56Z
@NFS4LFE,This trailer did such a good job of hooking me in without spoiling a single thing (aside one minor thing). This is a gold standard both in filmmaking and in trailer making.,0,2025-08-20T02:59:56Z
@30daysorless8,I think Jordan Peele dodged a bullet.,2,2025-08-20T01:51:19Z
@BrendanCescon,I just saw this and thought it would actually be good. And it was.,0,2025-08-20T01:43:43Z
@jum0n6380,After seeing the movie I realize the 2 trailers actually gave away the whole movie,1,2025-08-20T01:07:49Z
@wyldness,this was genuinely one of my favorite horror films in a longggg time,3,2025-08-19T23:00:30Z
@queenofmoons_spn7612,Isnt this the plot of a scooby doo mystery inc episode,0,2025-08-19T21:39:55Z
@anniebanannie8125,How is this movie?? Can I take my 9 and 12 y/o to see it with me?,0,2025-08-19T20:59:44Z
@somebodyis,"Try seeing vash and vash 2.0 a gujrati indian version of the same topic, double brutal than this hollywood version",0,2025-08-19T20:18:45Z
@jpschlosser7625,I&#39;m 41 and legitimately was scared at certain parts of the movie like I was 12 years old.,0,2025-08-19T19:53:08Z
@ArkonBlade,looks like it might be a decent horror movie which i haven&#39;t seen a good one in years,0,2025-08-19T18:58:26Z
@iam_ambivert1203,This movie was amazing!! I liked the plot of the story. ❤❤❤,0,2025-08-19T18:10:07Z
@antonierensburg1660,One of the best trailers ever!,0,2025-08-19T17:04:09Z
@cdguyful,ok I was actually invested and scared. good job on originality,0,2025-08-19T16:51:54Z
@menaseth-m4q,I can&#39;t stop watching this.,0,2025-08-19T16:20:15Z
@gregfreeman6118,The narrator stole her whole style from GZA liquid swords.,0,2025-08-19T15:42:47Z
@TheAgentX-TheGreatAgent,The end door looks like the house in barbarian,0,2025-08-19T14:40:46Z
@zzzendyaz4208,Zombie kids doing naruto run 😅,0,2025-08-19T14:34:19Z
@Acton-u2x,"Basically another movie about parasytes, so many horror movies coming out about this, like the signal, etc so many suggesting something nefarious about real life nano parasites used to control human behavior",1,2025-08-19T14:01:09Z
@annamaydonegan1708,This movie was excellent. No giveaways in the trailer. Was so pleasantly surprised.,0,2025-08-19T13:52:36Z
@masturaahmadkamil8619,I watched today. My oh my... i was scared and laughed when the kids running to chase the witch....,0,2025-08-19T12:41:11Z
@Noor24_24,ma&#39;am please upload SquidGame 3 and explain movie Weapons,0,2025-08-19T12:11:49Z
@networth4512,So all the kids lived in 2 story houses 😂,0,2025-08-19T10:44:50Z
@ud8f,🖤,0,2025-08-19T09:46:19Z
@Suvashree-x8i,"Just hate horror movies. No positive vibes. These movies instill negativity in our minds, negative feelings, thoughts, everything negative. We watch them for fun and excitement which stays only for a few moments but does a damage to us. Not good",0,2025-08-19T07:39:13Z
@sonyacordingley9440,Loved it!!,0,2025-08-19T06:42:14Z
@xRand0mHero,WHAT WHAT WHAT WHAT WHAT,0,2025-08-19T06:27:35Z
@pankajrajput9465,"Just watched this masterpiece,its really dark.",0,2025-08-19T06:13:43Z
@sayacatholique,Is it worth watching though?,0,2025-08-19T03:51:07Z
@SkyWayMan90,"Just watched this movie and loved it. Very high rewatch value, too!",3,2025-08-19T00:04:03Z
@pettydahoopa,10/10,0,2025-08-18T23:49:17Z
@EarthAngel504,"The very 1st thing i notice in this trailer, is the school with the multi national flags hanging above the entrance. which i find to be very symbolic.  There was only 1 flag hanging when i was in school. How America has changed.",0,2025-08-18T22:57:43Z
@HS-rn3mk,Take notes. This is how you attract people through trailer. By showing movie but not showing all movie,0,2025-08-18T20:26:36Z
@that1guyyoukno,Watched it and enjoyed it. I liked how the story was told.,1,2025-08-18T19:55:18Z
@miloradmickovic2831,"Every other editor working in Hollywood who cuts and edits trailers needs to see this. This is how you entice an audience. It&#39;s pure tension,mystery and intrigue. No jumpscares,no big reveal of the monster (if there is one to begin with) nor anything too plot relevant! I for one will thanks to this trailer go and see this film. Heck,Drinker and Jeremy Jahns have made reviews on it and both were blown away too,so that&#39;s a reason more. Can&#39;t wait really",1121,2025-08-18T18:48:08Z
@thebodykeepsthescore2828,The kids leaving their homes reminds me of that one Scooby doo mystery inc episode😂,0,2025-08-18T18:44:11Z
@diegobarraganwake,This movie was sick !!! Loved it,0,2025-08-18T18:05:56Z
@nikeeforeal,Just finish watching this film and come back watching the trailer. I feel it&#39;s showing too much but at the same time not telling much.,0,2025-08-18T17:27:27Z
@BonezTwisted,I see from the director of Barbarian and I&#39;m sold,1,2025-08-18T17:23:35Z
@noahz,NOOOOOOOOOOOOOOOOOOOOOPE,0,2025-08-18T16:58:01Z
@onikaii666,This looks so good! But is this trailer meant to not have sound because it had no sound for me! 😂,0,2025-08-18T15:29:51Z
@Frxnk-YT,Omg,0,2025-08-18T14:06:35Z
@dayandknight.,You can&#39;t fight a war without weapons.,1,2025-08-18T13:41:48Z
@sherylhooker5635,Omg I was thinking this movie was similar to the crazies the way the people were running and acting but the end was really justified but kind of hilarious in a good way but the actual end kind of creepy and sad.<br>I went saw this movie earlier tonight and we got the whole Cinema room our self’s watching a horror about missing creepy children lol,0,2025-08-18T13:38:58Z
@alvinoalegria3631,"It&#39;s such a good movie, worth the watch.",0,2025-08-18T13:38:26Z
@pakasvlog1260,our kids here in the phillipines bulliying small kid and get knock outs and comes into coma,0,2025-08-18T12:24:49Z
@Imp-ol4dk,This comes to show that if you can make a bunch of children run with their arms open in the dark and give it a scary monologue you can do anything. ✨️,0,2025-08-18T12:24:06Z
@smoothtuber1239,"Why is fortnite emote full tilt used in the movie,we can tell the director plays fortnite",1,2025-08-18T12:20:31Z
@amadeusdenis4981,Movie title Weapons but why no weapons in the movie? ✌️😁,0,2025-08-18T12:08:48Z
@lemonznlol,THIS MOVIE IS SO AWESOME,0,2025-08-18T11:22:46Z
@mxti8858,Most horrors we don’t watch coz the trailers just show the whole damn movie lol this one looks good,0,2025-08-18T07:46:44Z
@scribcreative,What a fantastic film!! I was so inspired I had to go home and do a sketch of one of the characters.  Red head ;),0,2025-08-18T05:14:21Z
@yhemolee459,Great movie.,1,2025-08-18T04:07:13Z
@strawstack,Zoom really did a number on kids,0,2025-08-18T02:52:21Z
@gansito6154,This movie is so good it had me at the edge of my seat the whole time 10/10,6,2025-08-18T02:34:48Z
@SubwaySurferCity-121,Is it a horror or gory movie?? Both genre are quite different...,1,2025-08-18T02:22:09Z
@AdolphOppenheimer,7 hot dogs?,1,2025-08-18T02:11:34Z
@mohamedanisferchichi3085,IT WAS A GREAT MOVIE!,3,2025-08-18T00:31:57Z
@cordelearts,Definitely not based on a true story.,2,2025-08-17T23:03:27Z
@GrimmReaper-t1y,Looks like SCP look it up I&#39;m pretty sure they&#39;re is a story just like this one,0,2025-08-17T22:55:07Z
@AutobotPride,Them mfrs doing the Naruto Run,1,2025-08-17T20:48:42Z
@TheCryptoChrome,This movie was great!,1,2025-08-17T19:55:04Z
@user-rx9ne3dr6h,What a great trailer. I&#39;ve seen the movie and you can&#39;t tell what it&#39;s about at all,4,2025-08-17T19:46:44Z
@maccardo25,Thats like a sick game of heads 7up just saying....,0,2025-08-17T17:49:33Z
@reggnikk8286,Watched this movie today and I wanted to rewatch it right after it ended,35,2025-08-17T17:21:09Z
@angelswings7024,"These actors are really talented. Josh Brolin is my favourite. Julia Garner not bad either. The supporting cast and the child actors are superb. Edge of your seat suspense. A few jump scares here and there, but effective suspense and horror throughout. I watched this movie at my local Sydney suburban cinema this afternoon. Loved it. 9.5/10 from me.",1,2025-08-17T16:31:17Z
@cikponti4879,This movie really worth my ticket. I wish I could rewatch for the first time again.,32,2025-08-17T16:17:35Z
@OnlyMeOG,NWO,0,2025-08-17T15:32:30Z
@spirit_noise,Did Korn play a new song ?,0,2025-08-17T15:31:31Z
@govind9031,After jmp 😂,1,2025-08-17T15:01:56Z
@markjovyotilla6952,Watched the movie last night and it&#39;s amazing.. i came back here as i already have the answer about this trailer. Thumbs up.,0,2025-08-17T14:56:28Z
@amber-sj5lh,this is an epic fortnite moment,0,2025-08-17T14:42:55Z
@zjaqiyuo,Sure! You could reply with something like:<br><br>&quot;😊 I&#39;m glad you liked it! Your support means a lot to me! Let’s keep sharing those good vibes! ❤️,0,2025-08-17T13:18:19Z
@DoreenWilson-i3i,Wasted my 2hours and 8  minutes!!!!,1,2025-08-17T12:44:24Z
@IrmanJaya-l8q,Shalla-Bal meet Thanos..,0,2025-08-17T10:22:21Z
@WhiteRabbitDreams,From horror to Looney Tunes at the end 😂,5,2025-08-17T08:54:09Z
@simioneking100,I just watched this and I had a great time :),2,2025-08-17T08:50:43Z
@KobbyGraphixchannel,That&#39;s beautiful 🎉,1,2025-08-17T07:45:15Z
@floki479,Justin Timberlake is in the movie! He looks much younger,0,2025-08-17T07:15:56Z
@chriss9491,I&#39;ve only seen the trailers to this movie but I am reminded of an episode of criminal minds where several kids or lured from their house in the middle of the night,0,2025-08-17T06:33:04Z
@riguez92,"Just saw this movie , 10/10",1,2025-08-17T05:45:31Z
@jennifersierra6696,If being a teacher wasnt a nightmare already,4,2025-08-17T05:31:30Z
@MalaPalabra-zr6wg,Gladys Lyly should appear in Pure Evil Wiki,0,2025-08-17T05:14:15Z
@jpundead4819,I&#39;m still confused why the title is &quot;weapons&quot; 🤔,3,2025-08-17T05:04:49Z
@ANUJLUTE-i7s,Hindi me available h,0,2025-08-17T04:52:03Z
@iqmalaziz1375,Best sangat cerita ni !,0,2025-08-17T04:49:12Z
@tomdee1373,This movie was fantastic! This trailer doesn&#39;t reveal anything of the plot. It&#39;s truely creepy,1,2025-08-17T04:44:39Z
@anonimochenta4439,Is this a modern version of the pied pipper of hamelin?,0,2025-08-17T04:39:12Z
@moon_being,This film was MARVELOUS! <br>It&#39;s up there with &quot;The Substance&quot;.<br>I rate it 10 popcorn bags out of 10<br>🍿🍿🍿🍿🍿🍿🍿🍿🍿🍿,6,2025-08-17T01:13:02Z
@estilkind,No thank you,0,2025-08-17T00:52:41Z
@justinesportsmedicine,Contemporary cinema horror has been beaten to death but for the topic which by the way has been overdone this movie was definitely worth the ticket. Psychologically disturbing. Saw the movie Longlegs and I was impressed but weapons cut a little deeper.,1,2025-08-17T00:30:52Z
@AlexiaV-6789,does anybody know what state that happened in?,0,2025-08-16T23:59:39Z
@Vinoross0,"Why people are even praising this trailer like it&#39;s not literally random frames... it doesn&#39;t make any sense, still looks like an interesting movie tho.",0,2025-08-16T23:18:19Z
@kongsuni6610,the ending is crazy 😭😭😭,4,2025-08-16T22:56:42Z
@chaosjudgement,I’m so disappointed 😢,8,2025-08-16T22:53:21Z
@uranus5479,Just watched it and sadly I feel like it was heavily overhyped. It&#39;s more of a thriller than a horror movie and VERY slow paced. I hav=e a lot of notes but I dont want to spoil the movie. 7/10 for me,8,2025-08-16T22:46:20Z
@VincentVanGray,Brilliant movie,2,2025-08-16T20:59:12Z
@torrence88,The best part about this movie is that Pedro Pascal is not in it.,3,2025-08-16T20:14:24Z
@videogames-ssss,"instead of the happening, its naruto running lol",2,2025-08-16T19:33:06Z
@Ayesha-j4e7j,I&#39;ve seen this movie in cinema and I highly recommend it. One of best movies. I love it ❤️ amazing movie with amazing actors,2,2025-08-16T19:29:28Z
@MuratKarakus-to4tr,"watched it today, that woman will haunt my dreams for a looong time...",0,2025-08-16T19:07:49Z
@Ventibreeze123,Truly original &amp; entertaining from start to finish😊,0,2025-08-16T18:04:14Z
@albertotamayo7093,Kids are going missing in Virginia,0,2025-08-16T17:55:08Z
@arl4540,Para mi fue aburrida.,1,2025-08-16T17:49:58Z
@tedorlowski9434,And do you know WHY?,0,2025-08-16T17:46:42Z
@wildbrick5371,Easily on the best horror movies I have seen this year !!,0,2025-08-16T17:29:18Z
@Vhanru,naruto?,2,2025-08-16T16:08:02Z
@scrubbyism,Does the kid narrate the whole film too?,0,2025-08-16T14:52:05Z
@kitchain,naruto run,2,2025-08-16T12:38:31Z
@BudokanPuroresu,From WKUK to this. Wow,0,2025-08-16T12:24:57Z
@hanslovehenry,10/10,1,2025-08-16T11:51:12Z
@itsme_Deepak,Watched it today ..<br>16 Aug 2025,1,2025-08-16T11:45:00Z
@santosAmoo,A must watch,1,2025-08-16T10:53:28Z
@doomisonly1392,Amazing horor,1,2025-08-16T07:55:30Z
@Googlesucksballs,A movie without pedro pascal? Sounds good to me. RIP Trevor Moore.,1,2025-08-16T07:08:02Z
@marcosimperial8912,I’m surprised that no one has mentioned in the trailer they made it seem like everybody in the classroom disappeared. There was one kid actually there. I’m guessing they just wanted to throw people off of the plot.,0,2025-08-16T06:03:48Z
@mitchdroese84,"Just saw this movie, and it is FRIGGIN AMAZING!!!",2,2025-08-16T04:58:38Z
@FinnCarter-pt7iy,"OK, I’m here after watching the film, and I think it was pretty damn good, but I really wish there was more more behind the disappearance of these kids, like the movie was still great, but there was a lot of missed potential. At the end of this trailer, when the little girl says “this is where the story really starts”, it really makes me think that there would’ve been much more going on behind the scenes than we actually got",2,2025-08-16T03:58:57Z
@a.o.a9090,👎🏻👎🏻👎🏻👎🏻👎🏻,7,2025-08-16T03:55:46Z
@raikkonenvillarroel6869,Bad bad bad bad,6,2025-08-16T03:53:25Z
@lomeli12k,👎👎👎👎👎👎👎👎👎👎👎👎👎👎👎👎👎👎👎👎👎👎👎👎👎👎👎👎👎👎👎👎👎👎👎👎👎👎👎👎👎👎👎👎👎👎👎👎👎👎👎👎,3,2025-08-16T03:33:16Z
@thischickkej,Just came back from the theater - absolutely loved it. Good amount of humor and eerieness.,0,2025-08-16T02:43:09Z
@marklang6648,Is this a Wu Tang intro?,1,2025-08-16T02:13:32Z
@MicahRdr,"Good movie, kinda funny, not as scary as the Barbarian but still good",3,2025-08-16T01:59:22Z
@JaylenPotts-x8u,This movie trailer is very special.,1,2025-08-16T01:43:45Z
@manuelwhite7401,What happens at the end of the movie all the kids kill that evil lady,4,2025-08-15T21:59:06Z
@mr.heckercodm4493,"you wont be able to guess who the villain is in this movie, there are fractions of frames here and there in this trailer but still until you dont see the whole movie you wont get who it is.",2,2025-08-15T21:35:48Z
@noybayolente1907,I&#39;ve watched this with my gf. Really good movie!!,3,2025-08-15T21:15:58Z
@chestappen1133,Kinda reminds me of amores perros but in horror,1,2025-08-15T21:07:16Z
@abraxasjinx5207,Looks pretty vague to me.,0,2025-08-15T20:18:29Z
@mop-l3n,Gladys has come to stay.,0,2025-08-15T18:24:40Z
@RedCarnival-r5d,Ruth is in this 🍿 Movie 🍿 I&#39;m definitely going to see this Damn Movie,0,2025-08-15T16:52:53Z
